,arc_pair_20032,arc_pair_5350,arc_pair_18299,arc_pair_4279,arc_pair_18,arc_pair_12155,arc_pair_17547,arc_pair_5844,arc_pair_5055,arc_pair_11919,arc_pair_10963,arc_pair_16989,arc_pair_9885,arc_pair_1076,arc_pair_6822,arc_pair_11596,arc_pair_1191,arc_pair_2889,arc_pair_1525,arc_pair_14361,arc_pair_20628,arc_pair_20976,arc_pair_10617,arc_pair_14286,arc_pair_13112,arc_pair_17014,arc_pair_15122,arc_pair_4436,arc_pair_16535,arc_pair_2147,arc_pair_4569,arc_pair_9926,arc_pair_15991,arc_pair_16493,arc_pair_4103,arc_pair_2887,arc_pair_8248,arc_pair_5713,arc_pair_17997,arc_pair_31,arc_pair_3868,arc_pair_194,arc_pair_9469,arc_pair_9687,arc_pair_20196,arc_pair_14061,arc_pair_5220,arc_pair_13337,arc_pair_1613,arc_pair_10940
arc_pair_20032,0.9869608826479439,0.6140925795224529,0.7233927816241338,0.6990243019131077,0.7167590047872394,0.7257529878397875,0.6387520014262447,0.685090135177402,0.6549076841235264,0.5406624322966677,0.6936945574192968,0.7412829927568194,0.5673039445151712,0.6488400400255382,0.7529360483073094,0.706009293088816,0.7506296585939336,0.7114954352297572,0.6500467484955517,0.6486896597941263,0.5680671514917576,0.6108253921868554,0.4112410434199766,0.7309363993972756,0.7216381561986872,0.6700961354708164,0.7297587583340223,0.5868951778124625,0.5885711137080679,0.6557752384250983,0.7178325429093038,0.6796415813038785,0.5464642368307533,0.494490718297936,0.7625245944863044,0.7028565628566487,0.49330296558467845,0.8053187555419391,0.6641769784515785,0.7798170560471914,0.4428356173241518,0.7005329746907191,0.7070330250727932,0.6698869435445678,0.7619813164264918,0.6554017434180918,0.6729671483506052,0.6720206565080344,0.6202748268143187,0.6117717625871224
arc_pair_5350,0.6140925795224529,0.9934607645875251,0.49001379586283217,0.5484799484033038,0.6147193128939218,0.5790502859216574,0.5057347741205379,0.6062595812965809,0.6226542600789285,0.425488681450697,0.592821579798437,0.5411672371733995,0.5350193345403478,0.48910462415248324,0.5957996959588547,0.5626414305552885,0.5793779029967505,0.6454445505973123,0.5182369198363169,0.44656098844120934,0.42927721489998905,0.5414410486991986,0.5017458747212827,0.6012611038583732,0.5763393584237414,0.5843198258388848,0.5343237306526993,0.4935160779411687,0.47922765130992556,0.5610310569319898,0.6005934120897054,0.5532227699643698,0.6100197823952754,0.378650688947729,0.6074874813447424,0.5618558476775174,0.43713711196829735,0.6023176037015071,0.44750489779904884,0.5598925732505102,0.4326181647367976,0.5778960462271183,0.6221517834857706,0.5641638825831299,0.6545031829251666,0.5256976891043104,0.5396494361773276,0.5941956806151775,0.5105522042425719,0.5789895958093316
arc_pair_18299,0.7233927816241338,0.49001379586283217,0.9882557633753805,0.806362616237137,0.6456888133724085,0.5704976806552836,0.5776924150026528,0.606801390778588,0.5616980079859419,0.5117469661459858,0.6840843614394394,0.7037539236751129,0.48592224351624713,0.6555753385678792,0.6810922457642522,0.6207013466210874,0.7160774798244707,0.6500518183576658,0.5454593402340201,0.7317462860760287,0.5257464147084013,0.5163087497153781,0.33667135320472025,0.6070198907360292,0.7888136768565214,0.5658864917809536,0.6456094278529085,0.5272188150990806,0.6138991334443061,0.5594242154489311,0.6556155352669433,0.6237899206040775,0.509340236961014,0.4336408163478208,0.6539945398248047,0.7209216852703937,0.397942608945369,0.7220180659066772,0.592191645007586,0.8023466565960334,0.3943272416491145,0.6400543815073022,0.7406671927531752,0.6124616001949583,0.6849176959831144,0.7148649363075726,0.7147343765183409,0.6845117090607908,0.5482916240803992,0.5291521225344291
arc_pair_4279,0.6990243019131077,0.5484799484033038,0.806362616237137,0.9920127795527156,0.6481619883043106,0.586935178343636,0.553560975090799,0.6164572921472328,0.5748813386295435,0.49133819257015027,0.6887393535313059,0.6882665025718744,0.5147560342807374,0.6016827952393136,0.6423198564473813,0.6003847516376613,0.7376547430709515,0.6269236244760287,0.585538675894017,0.7188635935977467,0.5020613974044041,0.5030377791746888,0.3526032996463804,0.602615044671369,0.7754981574843035,0.5864651269488191,0.5884988071732634,0.4978069144271043,0.6143782454933634,0.559114694877049,0.6731661307218972,0.61996538177125,0.520510681812986,0.44866156928051465,0.6593426188639225,0.7249076268805401,0.41812761008898197,0.690663837681518,0.6315980417195578,0.8091851897995908,0.3907394665448901,0.6384649702234599,0.7886098122401028,0.5924248190621156,0.7229132521571167,0.7351384499569538,0.6712327507025395,0.6743343118325436,0.5536453341299578,0.5460825548998787
arc_pair_18,0.7167590047872394,0.6147193128939218,0.6456888133724085,0.6481619883043106,0.9915604547020324,0.6917259682161078,0.6417580857319009,0.6569617328791293,0.6350981187726432,0.525354605754548,0.7599089271186671,0.6716728068325065,0.5295975914412484,0.6404476313452111,0.7154288856531114,0.6564817520041643,0.7168301596628287,0.671618063983213,0.6274875352168493,0.5977928693480775,0.6253434099792274,0.5635960289533329,0.47154218964050326,0.6943500406867326,0.6900597250543774,0.6852266427006137,0.7224679359940634,0.5754636284556803,0.580968465403901,0.6235972829211864,0.702682205540924,0.6183889060212483,0.5907515029580687,0.41319017716727247,0.6135707007379785,0.5997881120431124,0.47652028124218704,0.7436825298917942,0.6316084236312355,0.728549684564697,0.4080909949360339,0.6049430630900213,0.6373118997712505,0.6300796345746149,0.7124055566630271,0.6415659713479214,0.6627764859142333,0.7093492355246336,0.5993495027692206,0.6014625941613576
arc_pair_12155,0.7257529878397875,0.5790502859216574,0.5704976806552836,0.586935178343636,0.6917259682161078,0.9876058041112452,0.6199782065611171,0.6050048249041184,0.6214768690705319,0.4815824825854034,0.6278141147231333,0.6005240714932838,0.5342260915679695,0.5938226919979153,0.6580241920017226,0.6030482497726167,0.6088723998944302,0.6238355259505245,0.6014147036956689,0.5673989303842304,0.48706439825589265,0.5425931378353279,0.3658455344244282,0.6520225565606698,0.6034596537710296,0.6247200437024714,0.6123174666482862,0.5721507808508095,0.5211276143362961,0.6672719730158452,0.6121360847418176,0.5672011614463421,0.5525119079938302,0.4609865803477466,0.6804971464853679,0.5926849673793821,0.5396705090284389,0.7121441071148152,0.5716660350874948,0.6235422831132339,0.4105524978961517,0.623819408657983,0.6201325630933413,0.570972807183295,0.692118346185445,0.603860688453417,0.5716764275878518,0.5894063513716166,0.5412347790667423,0.5484856316326635
arc_pair_17547,0.6387520014262447,0.5057347741205379,0.5776924150026528,0.553560975090799,0.6417580857319009,0.6199782065611171,0.9946550048590864,0.6130906012592825,0.5692326749922968,0.4960673140257764,0.6738411004141822,0.6141664650400633,0.5121784957944338,0.583889843298049,0.6235132746204203,0.5535790400963305,0.6108520347499261,0.660009719964525,0.5581041345120118,0.535439048076189,0.513863806133884,0.5148158752485965,0.3895767349480532,0.569786251730847,0.6054351994706937,0.5962588117673747,0.638348047401152,0.5343401032627857,0.5262204645146756,0.530896438213922,0.6082233896202405,0.5619479169982091,0.5434656951105361,0.37895090965417627,0.612739401293396,0.561877589213542,0.4277681067786726,0.636742521205656,0.5647515967239121,0.6304187876977012,0.4397702638113471,0.5930826623538941,0.6051658532570643,0.5917662231890761,0.6800394024036194,0.6098165202243356,0.6852904302035351,0.6150579084930401,0.5686239931873549,0.5944635671967787
arc_pair_5844,0.685090135177402,0.6062595812965809,0.606801390778588,0.6164572921472328,0.6569617328791293,0.6050048249041184,0.6130906012592825,0.9867298578199052,0.64787176693071,0.5350818845264153,0.6697351689592395,0.7313878299195984,0.5731887641423498,0.5990597878771645,0.7139557934719956,0.6247587194577574,0.6971753729072545,0.783475769777821,0.5739300606529295,0.5367406405038907,0.5416020938641681,0.5581070312508256,0.4148080008362885,0.6233191863216263,0.6434908284772997,0.6824929619335001,0.6048683077659716,0.5040931324461022,0.617903539567113,0.6091455434343618,0.6375706961197126,0.6568982480607951,0.5684807071622306,0.4186649055865959,0.7128090256442605,0.6537671266639864,0.46922965684718165,0.6673775822419339,0.5542050221435841,0.6479288420985878,0.4609399897103799,0.6746424530508014,0.6645430796963884,0.652100563841822,0.7900660031367125,0.6061255617533658,0.6670553218262977,0.6408541021645039,0.5913232138497972,0.6404098571224099
arc_pair_5055,0.6549076841235264,0.6226542600789285,0.5616980079859419,0.5748813386295435,0.6350981187726432,0.6214768690705319,0.5692326749922968,0.64787176693071,0.9898643125715219,0.5468697705032661,0.7082221874219268,0.6431820909739489,0.5528293336053908,0.602842415282123,0.6515359408849394,0.6455379737309006,0.638212416400906,0.656170554001738,0.5987847383783087,0.5565975444685712,0.5490114469744113,0.5222768654931274,0.4585303771292803,0.6715098612804536,0.5956342112730755,0.5618282993352162,0.6289885747071835,0.5861678526993584,0.5270510572755335,0.6014382750153783,0.6616894932248645,0.5483659645917156,0.5797743554287063,0.4435761502894147,0.6462626036952676,0.5722165138346151,0.4840170991275471,0.6435229265928779,0.5713757938869573,0.5906279420031867,0.4355649718206518,0.6194597986961994,0.5884328189719603,0.6025761752411037,0.7120877438067452,0.611831440744447,0.5657659433195354,0.6007478923673985,0.5200180225672045,0.5597064093160034
arc_pair_11919,0.5406624322966677,0.425488681450697,0.5117469661459858,0.49133819257015027,0.525354605754548,0.4815824825854034,0.4960673140257764,0.5350818845264153,0.5468697705032661,0.9652532391048293,0.5737975929150553,0.5390532764660958,0.43345288922573716,0.5262407632047149,0.519816009250122,0.47987260533349285,0.5256183014325156,0.5363327763303471,0.43255288022342553,0.46792202996903853,0.43234129976100627,0.46589050818807215,0.2855567456442213,0.4798066649985386,0.5359161769837463,0.4808816072372006,0.5059641192565514,0.3700051361154897,0.4937002499070489,0.4900372378413211,0.514899118034457,0.4575309132303586,0.4372184695349926,0.3388076896603409,0.5178310542454596,0.5104193565178446,0.3883942514905495,0.5357822997650226,0.473084362383292,0.5316719278796254,0.3679341727226351,0.5071970845861948,0.5104563997307425,0.5168285191624941,0.5706431378322114,0.5058925791479036,0.5462082143819312,0.542896135083129,0.3914305888395811,0.4400944823442307
arc_pair_10963,0.6936945574192968,0.592821579798437,0.6840843614394394,0.6887393535313059,0.7599089271186671,0.6278141147231333,0.6738411004141822,0.6697351689592395,0.7082221874219268,0.5737975929150553,0.9930727362691736,0.7122803621499875,0.552744661214299,0.6920962180517116,0.6974688100163922,0.7103949385456879,0.7644463306589555,0.7128520431904786,0.6270795428452992,0.6043539042315034,0.614331502175016,0.5750861568127983,0.4470396203408047,0.673502972261736,0.674556677639906,0.6684731095292444,0.7125566825027054,0.5552385216735607,0.6275995647390317,0.6521503956513195,0.7331588519807781,0.6431444416515009,0.6061235475510216,0.4308654131415939,0.6381630392490077,0.6224921329032271,0.4744839036941884,0.6965780036717224,0.6592740329769747,0.7315179086040069,0.4438415642608852,0.6576882103162708,0.6858663876046114,0.6291126605209927,0.7496021740859435,0.7076962447168225,0.7107776390058622,0.7148540166652234,0.5867963521386848,0.622190634102758
arc_pair_16989,0.7412829927568194,0.5411672371733995,0.7037539236751129,0.6882665025718744,0.6716728068325065,0.6005240714932838,0.6141664650400633,0.7313878299195984,0.6431820909739489,0.5390532764660958,0.7122803621499875,0.9877431388222756,0.5724349259561688,0.6718552465176383,0.728918595034351,0.647775326641624,0.7913323256949054,0.7304995786671112,0.5690122059262476,0.6054006444450596,0.5681743333307677,0.5200958969940717,0.40999850621800643,0.6602830582545252,0.703183506195166,0.6415857717848267,0.6765672674076725,0.5053769283755543,0.5852189218948577,0.5897346945253571,0.7294054544375703,0.6946110359565372,0.5348850356995349,0.4509128650406806,0.7002896000331066,0.6904775785995585,0.4670589632625643,0.7171072947851499,0.6011102533892293,0.7450164017789781,0.4330214031201133,0.6651807568611279,0.6885641076290877,0.6685276847829459,0.7868559637167585,0.6526236213631722,0.7135433814806815,0.7029235665791722,0.5984472819417317,0.5669219076545607
arc_pair_9885,0.5673039445151712,0.5350193345403478,0.48592224351624713,0.5147560342807374,0.5295975914412484,0.5342260915679695,0.5121784957944338,0.5731887641423498,0.5528293336053908,0.43345288922573716,0.552744661214299,0.5724349259561688,0.989534275248561,0.5934185521875489,0.5660943010706257,0.5412928272140581,0.5826315770704046,0.5945332018739127,0.48192942746616996,0.48029413057606096,0.4572352240768733,0.47212708673025994,0.33392450144728497,0.5866095636922785,0.5142967693120166,0.4993497334307145,0.5322770749675381,0.4666059585912795,0.4577400098951671,0.5581189395634835,0.5959932725377872,0.5416085306049017,0.5233211154369894,0.4019322540349701,0.6597597766706484,0.5096907725953778,0.39820527064763506,0.5586949968791574,0.4781448679185155,0.5109473268225473,0.42167883637961456,0.6176625350071623,0.5368965364160004,0.531542726605042,0.6453668398999552,0.538158207408577,0.5039034922834845,0.5331572455319574,0.5249323674876776,0.5216261217019784
arc_pair_1076,0.6488400400255382,0.48910462415248324,0.6555753385678792,0.6016827952393136,0.6404476313452111,0.5938226919979153,0.583889843298049,0.5990597878771645,0.602842415282123,0.5262407632047149,0.6920962180517116,0.6718552465176383,0.5934185521875489,0.9853018372703414,0.6746700782023901,0.6513935285165406,0.6860003866267687,0.6602152361830945,0.5690906863080455,0.6075705675620439,0.5257902176523451,0.5047387232609777,0.38929100643742026,0.6305326356191747,0.5833876193924634,0.5204384644179362,0.6838625926240582,0.5459032232605658,0.528001889807547,0.6349241069806725,0.6311195475934521,0.5678055384814186,0.5358842468037232,0.45135632035837564,0.6773654055358207,0.6066349801615037,0.4589874888798614,0.6972817043870483,0.641471797557928,0.6436039113347823,0.4347653532577967,0.6058432347923332,0.6087603064252471,0.640411314652651,0.6777767702580815,0.6428313675691841,0.6362864932170594,0.6294547525515931,0.5648791400057094,0.5294685116775152
arc_pair_6822,0.7529360483073094,0.5957996959588547,0.6810922457642522,0.6423198564473813,0.7154288856531114,0.6580241920017226,0.6235132746204203,0.7139557934719956,0.6515359408849394,0.519816009250122,0.6974688100163922,0.728918595034351,0.5660943010706257,0.6746700782023901,0.98728354978355,0.6487868878987513,0.7091479328872209,0.7941445465164112,0.6091137882793813,0.6162388663189773,0.5811480345424275,0.6238104076245214,0.3892540894731393,0.6851612500967932,0.6242350799580072,0.6179306243124395,0.6711693203823845,0.5704584628540768,0.5375845881922579,0.6533468469080194,0.6887963141322144,0.6878918221470968,0.5888668295365403,0.5250229078906773,0.7422456391658042,0.6315726086617268,0.4744285527862718,0.7438779132070321,0.6014577518953081,0.6969474714040471,0.47437697044571553,0.6771140428030356,0.6466747424175437,0.7164022043102996,0.7974620511999063,0.616951510337606,0.6557072772858858,0.6830260617396763,0.6114631810952353,0.6100813522902955
arc_pair_11596,0.706009293088816,0.5626414305552885,0.6207013466210874,0.6003847516376613,0.6564817520041643,0.6030482497726167,0.5535790400963305,0.6247587194577574,0.6455379737309006,0.47987260533349285,0.7103949385456879,0.647775326641624,0.5412928272140581,0.6513935285165406,0.6487868878987513,0.983468758755954,0.6825906491029158,0.6117675624581224,0.5554333427255059,0.5967995532260926,0.5166227671888767,0.5312176350575464,0.39518874505676815,0.6775797682627028,0.6193518105974961,0.5812785644811008,0.6696448608566599,0.5497475911050788,0.5523292526386746,0.6208052620966878,0.6576742896300157,0.6007700370510353,0.5529339653760216,0.4346058205399402,0.6733623785396663,0.5995657336922129,0.4782782303661668,0.6687346166602188,0.5846035607762851,0.616669605459336,0.44058326158513,0.6411064136132568,0.6401058207267933,0.5922470297753536,0.6965281773239401,0.6375967788611216,0.6072397919992163,0.6257187086653713,0.5485118539881659,0.5461379019235209
arc_pair_1191,0.7506296585939336,0.5793779029967505,0.7160774798244707,0.7376547430709515,0.7168301596628287,0.6088723998944302,0.6108520347499261,0.6971753729072545,0.638212416400906,0.5256183014325156,0.7644463306589555,0.7913323256949054,0.5826315770704046,0.6860003866267687,0.7091479328872209,0.6825906491029158,0.9868053793453438,0.7416837013799022,0.6232773298237195,0.652512494562708,0.5889190990849836,0.561310748616866,0.4239619217277279,0.6796876647207881,0.6656905827335018,0.6532893669989694,0.7545951462892783,0.5221342424562805,0.6058987966789533,0.6067446470159599,0.7634943066764557,0.6902960533903754,0.6011967059712621,0.49790682776936707,0.7228381347067595,0.6719572561523139,0.46854147544753777,0.7084135460653924,0.6837230074111995,0.768169200157087,0.49272700929607277,0.6819085047421769,0.7014234672482349,0.6431458573328249,0.7674847209668586,0.7295004857787943,0.7863171882742093,0.7646092951831592,0.660622342334224,0.6078703923869483
arc_pair_2889,0.7114954352297572,0.6454445505973123,0.6500518183576658,0.6269236244760287,0.671618063983213,0.6238355259505245,0.660009719964525,0.783475769777821,0.656170554001738,0.5363327763303471,0.7128520431904786,0.7304995786671112,0.5945332018739127,0.6602152361830945,0.7941445465164112,0.6117675624581224,0.7416837013799022,0.9929078014184397,0.6057551740514673,0.5517792797350616,0.5683052553254287,0.5992867809255352,0.43264648369731107,0.631005625312609,0.6520445926126911,0.6596993465880097,0.6667151357579923,0.5335119790791356,0.5511401059276365,0.5856383932157603,0.695736078795255,0.6964231014046669,0.6455226840738293,0.48385086154714163,0.7286842774576339,0.6288744964397623,0.43252085318831746,0.7471171961015225,0.558327411841885,0.6736616164646585,0.4942695324265341,0.6722145071917883,0.63195496043033,0.6990302680379465,0.7961895514216607,0.6216074227144056,0.6907982345969349,0.6910373511168185,0.6366062909387548,0.6497001460565094
arc_pair_1525,0.6500467484955517,0.5182369198363169,0.5454593402340201,0.585538675894017,0.6274875352168493,0.6014147036956689,0.5581041345120118,0.5739300606529295,0.5987847383783087,0.43255288022342553,0.6270795428452992,0.5690122059262476,0.48192942746616996,0.5690906863080455,0.6091137882793813,0.5554333427255059,0.6232773298237195,0.6057551740514673,0.9836745987825124,0.4695302270242342,0.5101107989656798,0.5624604638329591,0.4009141708499883,0.5588849952411896,0.525595294381791,0.592002910149418,0.6567299874104543,0.49430442070631897,0.46305494923859053,0.6234064291179635,0.6086403949164592,0.5509820272988444,0.5297498568130564,0.3936035451174339,0.5836938122075793,0.5375132765480356,0.40693667629346186,0.6200099112636123,0.6014981765962072,0.6152058981154765,0.4157865631834655,0.5419035808890034,0.5820694266086465,0.5716473513777269,0.6726532290346975,0.5555112344786591,0.5986445683256312,0.6007519871870295,0.5459668454931074,0.5841033204548004
arc_pair_14361,0.6486896597941263,0.44656098844120934,0.7317462860760287,0.7188635935977467,0.5977928693480775,0.5673989303842304,0.535439048076189,0.5367406405038907,0.5565975444685712,0.46792202996903853,0.6043539042315034,0.6054006444450596,0.48029413057606096,0.6075705675620439,0.6162388663189773,0.5967995532260926,0.652512494562708,0.5517792797350616,0.4695302270242342,0.987683390690092,0.48835411449994215,0.43941082920947605,0.35727375896506636,0.6188895254392901,0.660866809931607,0.4393136962464927,0.5607011007656945,0.578239796012239,0.5592493314016179,0.5156446879368404,0.6149423744605348,0.5072439469452331,0.5100737350716352,0.4437370037700687,0.6839150466140846,0.7177127466203466,0.4515125501015133,0.6364096369934796,0.5474725952191167,0.7131443480932514,0.3704941260558246,0.5832308681941423,0.6477361507977792,0.5468358782869581,0.5875067637843328,0.8079228231098069,0.632344900553464,0.5624869314387131,0.4940790875699337,0.45902289027670273
arc_pair_20628,0.5680671514917576,0.42927721489998905,0.5257464147084013,0.5020613974044041,0.6253434099792274,0.48706439825589265,0.513863806133884,0.5416020938641681,0.5490114469744113,0.43234129976100627,0.614331502175016,0.5681743333307677,0.4572352240768733,0.5257902176523451,0.5811480345424275,0.5166227671888767,0.5889190990849836,0.5683052553254287,0.5101107989656798,0.48835411449994215,0.9841322314049588,0.49881844959859856,0.30343850765792635,0.515718995955872,0.4777072666763157,0.5095035425967408,0.5989361815005886,0.45473851587076947,0.439464194865533,0.5543695636558649,0.5872482054680125,0.5346651265905201,0.45866207101568807,0.32284660437728363,0.5465662250780069,0.46168863550843386,0.3812273256139283,0.5364085208592614,0.5087200837290005,0.5384404990910027,0.36635275345571766,0.5282179486780773,0.5013070992222489,0.5530891669291694,0.610116546625826,0.5336368674844858,0.5645335438650558,0.575282406315788,0.4698434973713034,0.47161561397820295
arc_pair_20976,0.6108253921868554,0.5414410486991986,0.5163087497153781,0.5030377791746888,0.5635960289533329,0.5425931378353279,0.5148158752485965,0.5581070312508256,0.5222768654931274,0.46589050818807215,0.5750861568127983,0.5200958969940717,0.47212708673025994,0.5047387232609777,0.6238104076245214,0.5312176350575464,0.561310748616866,0.5992867809255352,0.5624604638329591,0.43941082920947605,0.49881844959859856,0.9933347667168352,0.3598147712794473,0.5522768276504421,0.5040505788805698,0.5496437284064841,0.5299448132532827,0.4781632640215001,0.4483561054251428,0.5913382976744588,0.5728613441090448,0.5560851364580092,0.497013358064854,0.38086169253525903,0.5592022028402273,0.49972202075632693,0.383668366620652,0.5625357691656888,0.4995277861421639,0.5483511033949069,0.4241132349557111,0.5431554571416333,0.5365286460114863,0.5493324407708974,0.5955287956726447,0.4802533695198077,0.5318789292368947,0.5664927988278469,0.503647352230021,0.5509079810366162
arc_pair_10617,0.4112410434199766,0.5017458747212827,0.33667135320472025,0.3526032996463804,0.47154218964050326,0.3658455344244282,0.3895767349480532,0.4148080008362885,0.4585303771292803,0.2855567456442213,0.4470396203408047,0.40999850621800643,0.33392450144728497,0.38929100643742026,0.3892540894731393,0.39518874505676815,0.4239619217277279,0.43264648369731107,0.4009141708499883,0.35727375896506636,0.30343850765792635,0.3598147712794473,0.9875853507138423,0.447783771318559,0.3598451776167996,0.44304635375402335,0.4381731339271388,0.3961108444374626,0.34218521479265385,0.4058867725955175,0.4064310306999989,0.32913217235770564,0.4418315948127642,0.25963529754909365,0.4084482617849395,0.42828483206870666,0.3247807620056594,0.4631946200912273,0.3670732595012625,0.40860670092303847,0.314427521516452,0.42181509389584626,0.41111353608144713,0.35499449182237297,0.45432672693039633,0.3827678225589117,0.3945919375299503,0.40846293886130325,0.3710384277941288,0.41540173409826897
arc_pair_14286,0.7309363993972756,0.6012611038583732,0.6070198907360292,0.602615044671369,0.6943500406867326,0.6520225565606698,0.569786251730847,0.6233191863216263,0.6715098612804536,0.4798066649985386,0.673502972261736,0.6602830582545252,0.5866095636922785,0.6305326356191747,0.6851612500967932,0.6775797682627028,0.6796876647207881,0.631005625312609,0.5588849952411896,0.6188895254392901,0.515718995955872,0.5522768276504421,0.447783771318559,0.9932520114196732,0.5985004185965008,0.6088289377767053,0.6529701792769037,0.6512392059216288,0.5275151968747144,0.6515453097315576,0.6837834557425755,0.6005464536636362,0.5657806725376169,0.48858910753204104,0.7014461709932012,0.6342330715206053,0.5237737268465433,0.7111182161699345,0.5843390267180206,0.6562432790823122,0.43558746863953596,0.6376886033171117,0.6482793627238882,0.5655798437901002,0.6816298140214773,0.6083824705638333,0.5497278629727966,0.627634468624619,0.6026628954823491,0.5877155860253581
arc_pair_13112,0.7216381561986872,0.5763393584237414,0.7888136768565214,0.7754981574843035,0.6900597250543774,0.6034596537710296,0.6054351994706937,0.6434908284772997,0.5956342112730755,0.5359161769837463,0.674556677639906,0.703183506195166,0.5142967693120166,0.5833876193924634,0.6242350799580072,0.6193518105974961,0.6656905827335018,0.6520445926126911,0.525595294381791,0.660866809931607,0.4777072666763157,0.5040505788805698,0.3598451776167996,0.5985004185965008,0.9864603481624757,0.6522879862520949,0.605104761608478,0.5168090644898075,0.6581966046586087,0.5489394135464771,0.6549911416564478,0.6015295377230108,0.5080710622736673,0.4219572704177342,0.65702066113683,0.749312399155719,0.4172169707811188,0.7265599256492338,0.5610602753689369,0.7680482953046976,0.3863155886679028,0.6604135497149052,0.774240939544288,0.6313626015958383,0.7132633891625952,0.7007040275059137,0.6970237996232583,0.6577840762618322,0.5138327306705045,0.5781659532198473
arc_pair_17014,0.6700961354708164,0.5843198258388848,0.5658864917809536,0.5864651269488191,0.6852266427006137,0.6247200437024714,0.5962588117673747,0.6824929619335001,0.5618282993352162,0.4808816072372006,0.6684731095292444,0.6415857717848267,0.4993497334307145,0.5204384644179362,0.6179306243124395,0.5812785644811008,0.6532893669989694,0.6596993465880097,0.592002910149418,0.4393136962464927,0.5095035425967408,0.5496437284064841,0.44304635375402335,0.6088289377767053,0.6522879862520949,0.9871364653243847,0.5817984995211518,0.4817070952149719,0.544048389608418,0.5696817269559227,0.6261812540471365,0.6453780013542934,0.5412165151123646,0.4014688152107594,0.6146941990202467,0.5513445978882953,0.41380948252079897,0.6384965683557802,0.5460338795194173,0.620366433883339,0.4245574364636012,0.6432807073500716,0.6229215539346676,0.5735409102643906,0.7151951940586515,0.515419025110383,0.599691855864449,0.6397748205736573,0.5796777439168013,0.6496074534553614
arc_pair_15122,0.7297587583340223,0.5343237306526993,0.6456094278529085,0.5884988071732634,0.7224679359940634,0.6123174666482862,0.638348047401152,0.6048683077659716,0.6289885747071835,0.5059641192565514,0.7125566825027054,0.6765672674076725,0.5322770749675381,0.6838625926240582,0.6711693203823845,0.6696448608566599,0.7545951462892783,0.6667151357579923,0.6567299874104543,0.5607011007656945,0.5989361815005886,0.5299448132532827,0.4381731339271388,0.6529701792769037,0.605104761608478,0.5817984995211518,0.9940624401455659,0.5491411582624072,0.48995417231121374,0.6035712738797253,0.6885707523412861,0.5992385062523887,0.5762308294848969,0.42735547376733585,0.6329464362822536,0.5574711683160627,0.4379523269330041,0.7068217939026179,0.6679611727976592,0.6661894903683441,0.45169484306172036,0.5901380954509052,0.5838515657056771,0.6168161867291097,0.6838937468452551,0.6397053632368144,0.6791643964175169,0.704973962908757,0.6291132859469607,0.5785275992810763
arc_pair_4436,0.5868951778124625,0.4935160779411687,0.5272188150990806,0.4978069144271043,0.5754636284556803,0.5721507808508095,0.5343401032627857,0.5040931324461022,0.5861678526993584,0.3700051361154897,0.5552385216735607,0.5053769283755543,0.4666059585912795,0.5459032232605658,0.5704584628540768,0.5497475911050788,0.5221342424562805,0.5335119790791356,0.49430442070631897,0.578239796012239,0.45473851587076947,0.4781632640215001,0.3961108444374626,0.6512392059216288,0.5168090644898075,0.4817070952149719,0.5491411582624072,0.9905035971223024,0.4423028837565451,0.5209323748630303,0.5455817074444786,0.4382685497010942,0.514317222461629,0.41340773554588683,0.5922134167608224,0.5497426707326497,0.42233143755493036,0.6154200455611141,0.5360580719593168,0.5399744728987795,0.397518274543428,0.5303587471237884,0.5532596567591875,0.560146442900986,0.5932024355772092,0.5358350980998786,0.5091554194862994,0.4928825720048647,0.44279118136876744,0.5370938199843484
arc_pair_16535,0.5885711137080679,0.47922765130992556,0.6138991334443061,0.6143782454933634,0.580968465403901,0.5211276143362961,0.5262204645146756,0.617903539567113,0.5270510572755335,0.4937002499070489,0.6275995647390317,0.5852189218948577,0.4577400098951671,0.528001889807547,0.5375845881922579,0.5523292526386746,0.6058987966789533,0.5511401059276365,0.46305494923859053,0.5592493314016179,0.439464194865533,0.4483561054251428,0.34218521479265385,0.5275151968747144,0.6581966046586087,0.544048389608418,0.48995417231121374,0.4423028837565451,0.9909716908951799,0.4987078275398446,0.5408589746817106,0.496291061911998,0.49149615526527907,0.384443833593527,0.5514219385276595,0.6796825115269081,0.3686711338004674,0.543057837581123,0.49507371865851646,0.6328387789416928,0.37589104243803356,0.5898551919054413,0.6844583259840825,0.4931980877647308,0.6143994007315822,0.6430120261319442,0.6481591231080546,0.5576915004948539,0.46435478382377543,0.5017182516114503
arc_pair_2147,0.6557752384250983,0.5610310569319898,0.5594242154489311,0.559114694877049,0.6235972829211864,0.6672719730158452,0.530896438213922,0.6091455434343618,0.6014382750153783,0.4900372378413211,0.6521503956513195,0.5897346945253571,0.5581189395634835,0.6349241069806725,0.6533468469080194,0.6208052620966878,0.6067446470159599,0.5856383932157603,0.6234064291179635,0.5156446879368404,0.5543695636558649,0.5913382976744588,0.4058867725955175,0.6515453097315576,0.5489394135464771,0.5696817269559227,0.6035712738797253,0.5209323748630303,0.4987078275398446,0.9898282097649184,0.6263457604535604,0.5947867637774361,0.5286914164793787,0.402179154371134,0.6279600548334733,0.5950230256193219,0.46825341058387626,0.6048954029437666,0.577926887857854,0.6173225962525692,0.41797752307790825,0.5999187236432845,0.6478832555599201,0.5904796513044432,0.6511450368588038,0.5571697877607256,0.5495065586011074,0.6053549297314672,0.5627190950292944,0.5814227556083459
arc_pair_4569,0.7178325429093038,0.6005934120897054,0.6556155352669433,0.6731661307218972,0.702682205540924,0.6121360847418176,0.6082233896202405,0.6375706961197126,0.6616894932248645,0.514899118034457,0.7331588519807781,0.7294054544375703,0.5959932725377872,0.6311195475934521,0.6887963141322144,0.6576742896300157,0.7634943066764557,0.695736078795255,0.6086403949164592,0.6149423744605348,0.5872482054680125,0.5728613441090448,0.4064310306999989,0.6837834557425755,0.6549911416564478,0.6261812540471365,0.6885707523412861,0.5455817074444786,0.5408589746817106,0.6263457604535604,0.9819939979993332,0.6289779371116108,0.5693429004454623,0.4399445454867412,0.6942537776337283,0.6344971136538322,0.48472442341872,0.6765290433267382,0.6233999726852762,0.706170590906543,0.4401448774805422,0.6407798989030461,0.6652495917040386,0.6328071937399189,0.7582854248880836,0.65377404585765,0.6338554917208747,0.7680079743518788,0.5816603218745429,0.5902667351427142
arc_pair_9926,0.6796415813038785,0.5532227699643698,0.6237899206040775,0.61996538177125,0.6183889060212483,0.5672011614463421,0.5619479169982091,0.6568982480607951,0.5483659645917156,0.4575309132303586,0.6431444416515009,0.6946110359565372,0.5416085306049017,0.5678055384814186,0.6878918221470968,0.6007700370510353,0.6902960533903754,0.6964231014046669,0.5509820272988444,0.5072439469452331,0.5346651265905201,0.5560851364580092,0.32913217235770564,0.6005464536636362,0.6015295377230108,0.6453780013542934,0.5992385062523887,0.4382685497010942,0.496291061911998,0.5947867637774361,0.6289779371116108,0.9763970843457135,0.49837465300466366,0.4239663729543483,0.677145881729881,0.5763607912017363,0.5149451593211218,0.6674740364818803,0.5328509472432756,0.6228980538954375,0.38974970644027446,0.6648453708275454,0.6249025407508817,0.588597652781312,0.6749165146814428,0.552682210315511,0.6064302402221791,0.6634021512954311,0.600743803064726,0.5790451706673112
arc_pair_15991,0.5464642368307533,0.6100197823952754,0.509340236961014,0.520510681812986,0.5907515029580687,0.5525119079938302,0.5434656951105361,0.5684807071622306,0.5797743554287063,0.4372184695349926,0.6061235475510216,0.5348850356995349,0.5233211154369894,0.5358842468037232,0.5888668295365403,0.5529339653760216,0.6011967059712621,0.6455226840738293,0.5297498568130564,0.5100737350716352,0.45866207101568807,0.497013358064854,0.4418315948127642,0.5657806725376169,0.5080710622736673,0.5412165151123646,0.5762308294848969,0.514317222461629,0.49149615526527907,0.5286914164793787,0.5693429004454623,0.49837465300466366,0.9970979443772671,0.4148075789061199,0.5910238105159157,0.5458204616527023,0.4278703103956597,0.5815731964092032,0.5081135493697426,0.538070745953472,0.5248239166842547,0.5671974219084913,0.5474560104748352,0.498401669661861,0.6543685710711903,0.5595367095122032,0.5367999353279411,0.5952398101218083,0.5953926408776442,0.6990166523403906
arc_pair_16493,0.494490718297936,0.378650688947729,0.4336408163478208,0.44866156928051465,0.41319017716727247,0.4609865803477466,0.37895090965417627,0.4186649055865959,0.4435761502894147,0.3388076896603409,0.4308654131415939,0.4509128650406806,0.4019322540349701,0.45135632035837564,0.5250229078906773,0.4346058205399402,0.49790682776936707,0.48385086154714163,0.3936035451174339,0.4437370037700687,0.32284660437728363,0.38086169253525903,0.25963529754909365,0.48858910753204104,0.4219572704177342,0.4014688152107594,0.42735547376733585,0.41340773554588683,0.384443833593527,0.402179154371134,0.4399445454867412,0.4239663729543483,0.4148075789061199,0.9927573719606829,0.4985826448784809,0.474046822416754,0.34064611744951284,0.5006918079469459,0.39523851605722476,0.4263608110738998,0.39856028588398257,0.48223888404697324,0.44000477887016815,0.4450741840641894,0.5023805441050945,0.43459744273684847,0.39924778277568557,0.4345058172539389,0.44091496749779047,0.4003181328518844
arc_pair_4103,0.7625245944863044,0.6074874813447424,0.6539945398248047,0.6593426188639225,0.6135707007379785,0.6804971464853679,0.612739401293396,0.7128090256442605,0.6462626036952676,0.5178310542454596,0.6381630392490077,0.7002896000331066,0.6597597766706484,0.6773654055358207,0.7422456391658042,0.6733623785396663,0.7228381347067595,0.7286842774576339,0.5836938122075793,0.6839150466140846,0.5465662250780069,0.5592022028402273,0.4084482617849395,0.7014461709932012,0.65702066113683,0.6146941990202467,0.6329464362822536,0.5922134167608224,0.5514219385276595,0.6279600548334733,0.6942537776337283,0.677145881729881,0.5910238105159157,0.4985826448784809,0.9904761904761905,0.676140688314588,0.49090488934234366,0.6857115010199113,0.6075892959795033,0.706945168545624,0.46873901123289563,0.7532617779903331,0.705876402933338,0.6441018512068194,0.7590627190359829,0.6911577137273438,0.6573064927642671,0.6509213427314552,0.6539713033935821,0.6397612702391249
arc_pair_2887,0.7028565628566487,0.5618558476775174,0.7209216852703937,0.7249076268805401,0.5997881120431124,0.5926849673793821,0.561877589213542,0.6537671266639864,0.5722165138346151,0.5104193565178446,0.6224921329032271,0.6904775785995585,0.5096907725953778,0.6066349801615037,0.6315726086617268,0.5995657336922129,0.6719572561523139,0.6288744964397623,0.5375132765480356,0.7177127466203466,0.46168863550843386,0.49972202075632693,0.42828483206870666,0.6342330715206053,0.749312399155719,0.5513445978882953,0.5574711683160627,0.5497426707326497,0.6796825115269081,0.5950230256193219,0.6344971136538322,0.5763607912017363,0.5458204616527023,0.474046822416754,0.676140688314588,0.9918304261426365,0.4497740843094821,0.6854105848752663,0.5520710850570427,0.7509343863021142,0.4086115970739991,0.6576700273198639,0.8166917444580826,0.5831547602767015,0.6741651296102079,0.7064368133529415,0.6775874103381967,0.6193318354375245,0.5383971564958693,0.5580050456096511
arc_pair_8248,0.49330296558467845,0.43713711196829735,0.397942608945369,0.41812761008898197,0.47652028124218704,0.5396705090284389,0.4277681067786726,0.46922965684718165,0.4840170991275471,0.3883942514905495,0.4744839036941884,0.4670589632625643,0.39820527064763506,0.4589874888798614,0.4744285527862718,0.4782782303661668,0.46854147544753777,0.43252085318831746,0.40693667629346186,0.4515125501015133,0.3812273256139283,0.383668366620652,0.3247807620056594,0.5237737268465433,0.4172169707811188,0.41380948252079897,0.4379523269330041,0.42233143755493036,0.3686711338004674,0.46825341058387626,0.48472442341872,0.5149451593211218,0.4278703103956597,0.34064611744951284,0.49090488934234366,0.4497740843094821,0.9891975308641975,0.5071107247746479,0.42069392391421084,0.43687061897408913,0.2941823706604406,0.4454878767784509,0.42888220070595506,0.4733265468019111,0.487709339340496,0.44892257687811715,0.41947507783327176,0.4377184630053941,0.40856050706669755,0.41203778919736395
arc_pair_5713,0.8053187555419391,0.6023176037015071,0.7220180659066772,0.690663837681518,0.7436825298917942,0.7121441071148152,0.636742521205656,0.6673775822419339,0.6435229265928779,0.5357822997650226,0.6965780036717224,0.7171072947851499,0.5586949968791574,0.6972817043870483,0.7438779132070321,0.6687346166602188,0.7084135460653924,0.7471171961015225,0.6200099112636123,0.6364096369934796,0.5364085208592614,0.5625357691656888,0.4631946200912273,0.7111182161699345,0.7265599256492338,0.6384965683557802,0.7068217939026179,0.6154200455611141,0.543057837581123,0.6048954029437666,0.6765290433267382,0.6674740364818803,0.5815731964092032,0.5006918079469459,0.6857115010199113,0.6854105848752663,0.5071107247746479,0.9897213339424393,0.6319757185096895,0.7253043867159232,0.4328092551861206,0.6353165882553314,0.6650035931142597,0.6614749251164795,0.7412521805171602,0.6433429273920477,0.6528223378554184,0.6571699604317301,0.613795651539756,0.5966080674951838
arc_pair_17997,0.6641769784515785,0.44750489779904884,0.592191645007586,0.6315980417195578,0.6316084236312355,0.5716660350874948,0.5647515967239121,0.5542050221435841,0.5713757938869573,0.473084362383292,0.6592740329769747,0.6011102533892293,0.4781448679185155,0.641471797557928,0.6014577518953081,0.5846035607762851,0.6837230074111995,0.558327411841885,0.6014981765962072,0.5474725952191167,0.5087200837290005,0.4995277861421639,0.3670732595012625,0.5843390267180206,0.5610602753689369,0.5460338795194173,0.6679611727976592,0.5360580719593168,0.49507371865851646,0.577926887857854,0.6233999726852762,0.5328509472432756,0.5081135493697426,0.39523851605722476,0.6075892959795033,0.5520710850570427,0.42069392391421084,0.6319757185096895,0.9938987187309334,0.6458578971507862,0.4153146103919572,0.5722049763074338,0.5902676544461489,0.5467128599850987,0.673338425884711,0.6173079290873313,0.6124868338354282,0.6210887663500041,0.5754938434234298,0.5394153867690438
arc_pair_31,0.7798170560471914,0.5598925732505102,0.8023466565960334,0.8091851897995908,0.728549684564697,0.6235422831132339,0.6304187876977012,0.6479288420985878,0.5906279420031867,0.5316719278796254,0.7315179086040069,0.7450164017789781,0.5109473268225473,0.6436039113347823,0.6969474714040471,0.616669605459336,0.768169200157087,0.6736616164646585,0.6152058981154765,0.7131443480932514,0.5384404990910027,0.5483511033949069,0.40860670092303847,0.6562432790823122,0.7680482953046976,0.620366433883339,0.6661894903683441,0.5399744728987795,0.6328387789416928,0.6173225962525692,0.706170590906543,0.6228980538954375,0.538070745953472,0.4263608110738998,0.706945168545624,0.7509343863021142,0.43687061897408913,0.7253043867159232,0.6458578971507862,0.9938176197836167,0.40722290628680735,0.6271101835234328,0.8153974135591836,0.6230358696739822,0.7117779726851298,0.742878865789918,0.7821122306882642,0.6775296364010394,0.610690200245278,0.5868701989657451
arc_pair_3868,0.4428356173241518,0.4326181647367976,0.3943272416491145,0.3907394665448901,0.4080909949360339,0.4105524978961517,0.4397702638113471,0.4609399897103799,0.4355649718206518,0.3679341727226351,0.4438415642608852,0.4330214031201133,0.42167883637961456,0.4347653532577967,0.47437697044571553,0.44058326158513,0.49272700929607277,0.4942695324265341,0.4157865631834655,0.3704941260558246,0.36635275345571766,0.4241132349557111,0.314427521516452,0.43558746863953596,0.3863155886679028,0.4245574364636012,0.45169484306172036,0.397518274543428,0.37589104243803356,0.41797752307790825,0.4401448774805422,0.38974970644027446,0.5248239166842547,0.39856028588398257,0.46873901123289563,0.4086115970739991,0.2941823706604406,0.4328092551861206,0.4153146103919572,0.40722290628680735,0.993138705771559,0.4463250890292168,0.4113631501955053,0.44022185951938647,0.5216227715972059,0.3984596896248275,0.45448613053503567,0.45883138055850464,0.4374111613905364,0.4847297116507038
arc_pair_194,0.7005329746907191,0.5778960462271183,0.6400543815073022,0.6384649702234599,0.6049430630900213,0.623819408657983,0.5930826623538941,0.6746424530508014,0.6194597986961994,0.5071970845861948,0.6576882103162708,0.6651807568611279,0.6176625350071623,0.6058432347923332,0.6771140428030356,0.6411064136132568,0.6819085047421769,0.6722145071917883,0.5419035808890034,0.5832308681941423,0.5282179486780773,0.5431554571416333,0.42181509389584626,0.6376886033171117,0.6604135497149052,0.6432807073500716,0.5901380954509052,0.5303587471237884,0.5898551919054413,0.5999187236432845,0.6407798989030461,0.6648453708275454,0.5671974219084913,0.48223888404697324,0.7532617779903331,0.6576700273198639,0.4454878767784509,0.6353165882553314,0.5722049763074338,0.6271101835234328,0.4463250890292168,0.9939552689905299,0.6903746580747545,0.5929442296699031,0.7236969671308681,0.6279596930721587,0.5978535945589962,0.6485310881096489,0.5878620597198073,0.6019802534588101
arc_pair_9469,0.7070330250727932,0.6221517834857706,0.7406671927531752,0.7886098122401028,0.6373118997712505,0.6201325630933413,0.6051658532570643,0.6645430796963884,0.5884328189719603,0.5104563997307425,0.6858663876046114,0.6885641076290877,0.5368965364160004,0.6087603064252471,0.6466747424175437,0.6401058207267933,0.7014234672482349,0.63195496043033,0.5820694266086465,0.6477361507977792,0.5013070992222489,0.5365286460114863,0.41111353608144713,0.6482793627238882,0.774240939544288,0.6229215539346676,0.5838515657056771,0.5532596567591875,0.6844583259840825,0.6478832555599201,0.6652495917040386,0.6249025407508817,0.5474560104748352,0.44000477887016815,0.705876402933338,0.8166917444580826,0.42888220070595506,0.6650035931142597,0.5902676544461489,0.8153974135591836,0.4113631501955053,0.6903746580747545,0.9930024054231358,0.5989070920847377,0.724841360096488,0.71109833849228,0.7354085348019217,0.6577055655432703,0.5571803221548987,0.6160338804434442
arc_pair_9687,0.6698869435445678,0.5641638825831299,0.6124616001949583,0.5924248190621156,0.6300796345746149,0.570972807183295,0.5917662231890761,0.652100563841822,0.6025761752411037,0.5168285191624941,0.6291126605209927,0.6685276847829459,0.531542726605042,0.640411314652651,0.7164022043102996,0.5922470297753536,0.6431458573328249,0.6990302680379465,0.5716473513777269,0.5468358782869581,0.5530891669291694,0.5493324407708974,0.35499449182237297,0.5655798437901002,0.6313626015958383,0.5735409102643906,0.6168161867291097,0.560146442900986,0.4931980877647308,0.5904796513044432,0.6328071937399189,0.588597652781312,0.498401669661861,0.4450741840641894,0.6441018512068194,0.5831547602767015,0.4733265468019111,0.6614749251164795,0.5467128599850987,0.6230358696739822,0.44022185951938647,0.5929442296699031,0.5989070920847377,0.9860529986053002,0.7052588442785277,0.5740036214745384,0.6424125944581555,0.6213905704652463,0.5181793172216177,0.5804576953743481
arc_pair_20196,0.7619813164264918,0.6545031829251666,0.6849176959831144,0.7229132521571167,0.7124055566630271,0.692118346185445,0.6800394024036194,0.7900660031367125,0.7120877438067452,0.5706431378322114,0.7496021740859435,0.7868559637167585,0.6453668398999552,0.6777767702580815,0.7974620511999063,0.6965281773239401,0.7674847209668586,0.7961895514216607,0.6726532290346975,0.5875067637843328,0.610116546625826,0.5955287956726447,0.45432672693039633,0.6816298140214773,0.7132633891625952,0.7151951940586515,0.6838937468452551,0.5932024355772092,0.6143994007315822,0.6511450368588038,0.7582854248880836,0.6749165146814428,0.6543685710711903,0.5023805441050945,0.7590627190359829,0.6741651296102079,0.487709339340496,0.7412521805171602,0.673338425884711,0.7117779726851298,0.5216227715972059,0.7236969671308681,0.724841360096488,0.7052588442785277,0.9912773793370807,0.6271180696923678,0.6809662412416011,0.7154066264191096,0.6357186864429569,0.6824316463613744
arc_pair_14061,0.6554017434180918,0.5256976891043104,0.7148649363075726,0.7351384499569538,0.6415659713479214,0.603860688453417,0.6098165202243356,0.6061255617533658,0.611831440744447,0.5058925791479036,0.7076962447168225,0.6526236213631722,0.538158207408577,0.6428313675691841,0.616951510337606,0.6375967788611216,0.7295004857787943,0.6216074227144056,0.5555112344786591,0.8079228231098069,0.5336368674844858,0.4802533695198077,0.3827678225589117,0.6083824705638333,0.7007040275059137,0.515419025110383,0.6397053632368144,0.5358350980998786,0.6430120261319442,0.5571697877607256,0.65377404585765,0.552682210315511,0.5595367095122032,0.43459744273684847,0.6911577137273438,0.7064368133529415,0.44892257687811715,0.6433429273920477,0.6173079290873313,0.742878865789918,0.3984596896248275,0.6279596930721587,0.71109833849228,0.5740036214745384,0.6271180696923678,0.9967598908594816,0.7605876896540155,0.6432053464159146,0.5498649354822575,0.5454734015027972
arc_pair_5220,0.6729671483506052,0.5396494361773276,0.7147343765183409,0.6712327507025395,0.6627764859142333,0.5716764275878518,0.6852904302035351,0.6670553218262977,0.5657659433195354,0.5462082143819312,0.7107776390058622,0.7135433814806815,0.5039034922834845,0.6362864932170594,0.6557072772858858,0.6072397919992163,0.7863171882742093,0.6907982345969349,0.5986445683256312,0.632344900553464,0.5645335438650558,0.5318789292368947,0.3945919375299503,0.5497278629727966,0.6970237996232583,0.599691855864449,0.6791643964175169,0.5091554194862994,0.6481591231080546,0.5495065586011074,0.6338554917208747,0.6064302402221791,0.5367999353279411,0.39924778277568557,0.6573064927642671,0.6775874103381967,0.41947507783327176,0.6528223378554184,0.6124868338354282,0.7821122306882642,0.45448613053503567,0.5978535945589962,0.7354085348019217,0.6424125944581555,0.6809662412416011,0.7605876896540155,0.9936366528794147,0.6889730310230501,0.5560302170231063,0.6029936697866553
arc_pair_13337,0.6720206565080344,0.5941956806151775,0.6845117090607908,0.6743343118325436,0.7093492355246336,0.5894063513716166,0.6150579084930401,0.6408541021645039,0.6007478923673985,0.542896135083129,0.7148540166652234,0.7029235665791722,0.5331572455319574,0.6294547525515931,0.6830260617396763,0.6257187086653713,0.7646092951831592,0.6910373511168185,0.6007519871870295,0.5624869314387131,0.575282406315788,0.5664927988278469,0.40846293886130325,0.627634468624619,0.6577840762618322,0.6397748205736573,0.704973962908757,0.4928825720048647,0.5576915004948539,0.6053549297314672,0.7680079743518788,0.6634021512954311,0.5952398101218083,0.4345058172539389,0.6509213427314552,0.6193318354375245,0.4377184630053941,0.6571699604317301,0.6210887663500041,0.6775296364010394,0.45883138055850464,0.6485310881096489,0.6577055655432703,0.6213905704652463,0.7154066264191096,0.6432053464159146,0.6889730310230501,0.9905318291700241,0.6076978511760565,0.6002087144116173
arc_pair_1613,0.6202748268143187,0.5105522042425719,0.5482916240803992,0.5536453341299578,0.5993495027692206,0.5412347790667423,0.5686239931873549,0.5913232138497972,0.5200180225672045,0.3914305888395811,0.5867963521386848,0.5984472819417317,0.5249323674876776,0.5648791400057094,0.6114631810952353,0.5485118539881659,0.660622342334224,0.6366062909387548,0.5459668454931074,0.4940790875699337,0.4698434973713034,0.503647352230021,0.3710384277941288,0.6026628954823491,0.5138327306705045,0.5796777439168013,0.6291132859469607,0.44279118136876744,0.46435478382377543,0.5627190950292944,0.5816603218745429,0.600743803064726,0.5953926408776442,0.44091496749779047,0.6539713033935821,0.5383971564958693,0.40856050706669755,0.613795651539756,0.5754938434234298,0.610690200245278,0.4374111613905364,0.5878620597198073,0.5571803221548987,0.5181793172216177,0.6357186864429569,0.5498649354822575,0.5560302170231063,0.6076978511760565,0.9923731299501322,0.6969841817711727
arc_pair_10940,0.6117717625871224,0.5789895958093316,0.5291521225344291,0.5460825548998787,0.6014625941613576,0.5484856316326635,0.5944635671967787,0.6404098571224099,0.5597064093160034,0.4400944823442307,0.622190634102758,0.5669219076545607,0.5216261217019784,0.5294685116775152,0.6100813522902955,0.5461379019235209,0.6078703923869483,0.6497001460565094,0.5841033204548004,0.45902289027670273,0.47161561397820295,0.5509079810366162,0.41540173409826897,0.5877155860253581,0.5781659532198473,0.6496074534553614,0.5785275992810763,0.5370938199843484,0.5017182516114503,0.5814227556083459,0.5902667351427142,0.5790451706673112,0.6990166523403906,0.4003181328518844,0.6397612702391249,0.5580050456096511,0.41203778919736395,0.5966080674951838,0.5394153867690438,0.5868701989657451,0.4847297116507038,0.6019802534588101,0.6160338804434442,0.5804576953743481,0.6824316463613744,0.5454734015027972,0.6029936697866553,0.6002087144116173,0.6969841817711727,0.9873949579831933
