,20032,5350,18299,4279,18,12155,17547,5844,5055,11919,10963,16989,9885,1076,6822,11596,1191,2889,1525,14361,20628,20976,10617,14286,13112,17014,15122,4436,16535,2147,4569,9926,15991,16493,4103,2887,8248,5713,17997,31,3868,194,9469,9687,20196,14061,5220,13337,1613,10940
20032,0.0,48.82187163728862,20.10757001923665,7.097556676909432,17.81625987527398,75.34799861523686,35.35479012358168,57.38597948112401,49.299326407077935,47.77619463107012,34.89768531750402,13.824590309063485,74.98348514827781,39.414634641191974,13.786752487687227,150.55874329896793,14.039920374135287,37.26584386866185,13.422695963818835,11.70618394760091,43.31283526229528,62.14090713800349,40.88976609109691,6.2119904071392,28.983084352854473,51.12825039388672,27.811377164237772,16.126556709888234,13.10324040530868,19.356975666293078,10.01596811007106,31.40997498281228,11.68999853735153,52.531176774663905,39.57738197768395,19.096116152081574,24.136138394037093,6.592115201327947,35.58472606031178,9.295062923937644,49.965947389813266,21.74629735066828,30.343344621544414,8.26169375687059,19.06557674110599,6.297706815036576,6.371055653939027,25.49375927098965,21.432080887610535,31.134380000869747
5350,48.82187163728864,0.0,24.818922145393394,33.36956215964089,19.958795313561026,31.79787689376824,87.8125895538774,12.67422909206385,10.981849969988462,19.496936703831558,10.423802418966872,23.678904200069056,25.175035548552465,11.993693922559977,26.126193861243756,71.17708578185056,33.466950601603756,7.96062781656098,82.89221431340812,28.25141656482899,124.972400462659,135.31933088583813,25.367113374594805,53.68831608907877,12.162756118990913,9.459252606748294,14.888139719745933,53.74796651031607,65.09768363677819,24.425995029311924,34.24909481186887,107.3771225524448,35.135826782310495,11.247302849596053,8.156093165157653,83.04283158868354,34.472892576074585,65.090327219034,93.62403031176626,30.412684164880556,11.750484391443191,13.721193775689477,93.07198538435716,29.923059411435773,17.016111382945052,32.65732230488832,34.51184249005641,15.04892158108455,92.83508638861476,64.0660049032888
18299,20.107570019236622,24.81892214539343,0.0,9.799755806883764,7.164341301245443,58.075533434025225,73.2954336441907,32.458269559244364,27.660294887109238,33.902723820427376,12.637393605294351,5.209323364440454,52.637767454161754,19.80712033693592,12.907719195674263,104.1874454902189,4.379363776737136,16.634930638229008,40.09501878918794,4.729809776084743,82.35888376314496,107.30100027119417,37.50364675944404,30.478569218510167,8.279693896483256,27.102077756880067,10.544485502867635,42.006913153042696,40.95007306720222,28.056889403582353,11.70297960409172,67.59444342142984,29.994807644445206,36.45223108054474,15.729590794147542,51.63617333016968,12.208377850464476,29.60487786759673,73.08382659613738,9.223786825308643,32.92379392709038,19.655834010489627,65.01394012767803,11.151456900285739,6.956992805753498,16.357946738882596,10.787723328788825,10.143731783370107,56.705587486597906,64.04647948078122
4279,7.097556676909415,33.369562159640886,9.799755806883784,0.0,7.942538292069664,61.50956632846317,49.13735683716878,41.652492132454704,33.95510338063625,37.145196691332885,20.661022934904953,5.276160853920984,58.95524146499667,27.247640100800933,6.215260571471506,123.70236753179661,7.640546734867894,24.189429806993985,24.52767196474322,5.144339368500963,62.12444549412988,78.94958918106593,32.5338563226199,12.015260091578867,15.43415264069725,36.540588296215525,16.9330755594421,21.837352599895446,21.932071944659846,15.331815311075118,2.8911748430935145,47.63109773618649,13.853314944418734,39.97159110400639,24.791028577012,31.96846368862588,20.359237432814833,15.312786880421783,49.1312815215771,1.6826153035523896,37.61177251778103,15.122210942172934,42.99371205061767,3.3717291391002577,9.805016483753011,4.2720816729017805,1.7979614659842607,15.523033834225489,34.974163017328976,40.32475030351377
18,17.816259875273953,19.958795313561016,7.164341301245441,7.942538292069669,0.0,48.83303242670471,60.54899882355144,27.196542996409423,23.174979139643202,28.168020875513047,8.176012075274294,1.9579500560665037,45.4916182425346,16.602852267622016,4.489204004132227,102.92114174219743,6.811706617119439,11.16384888080884,42.15682104795951,6.401245891631852,82.12211625601837,92.62858200600452,28.364058279464853,23.581730328900786,6.296203400643566,22.88892206783184,9.44554977571034,30.210528962726055,34.3108547355814,15.334196262487445,6.902235628057204,66.98817667091238,18.20025766352339,27.96314099032427,13.906330303281695,46.54863788265099,19.695853836269826,30.253594607196078,60.635494779754005,6.114423292408863,26.812958597409054,9.637047829735033,56.938496791109294,5.648144955523607,3.181399019488513,10.465707992009959,7.757950335135804,5.862193071387382,54.358419760231314,48.629686101469474
12155,75.34799861523685,31.797876893768237,58.075533434025175,61.50956632846317,48.833032426704705,0.0,110.42885174502896,18.36560596321124,20.924413015675803,22.763725139885416,39.35264596583708,53.46434346241631,6.177629068498431,29.751081229296943,53.22094335203138,29.541109570052797,63.049600500658244,34.64523961460603,118.48862796637954,56.825287198571154,171.15527801144304,152.4881821846129,15.552981152304273,80.65366659972605,37.75673627496406,22.702357955575952,40.702174400772506,74.15840201094943,90.52101270656195,40.60057105725664,65.53127075005655,138.667689502114,60.70507923651656,17.93637876874342,35.7668723229873,100.42901805376431,72.35595379595873,92.3289596491928,114.31171078939188,59.014687178297144,16.9445076671508,32.45079948703677,111.30843817435611,56.06530363174979,43.453465474563934,59.14781172551541,61.885461406413086,42.27642971048087,115.47701915764343,83.56281053211761
17547,35.35479012358168,87.81258955387739,73.2954336441907,49.13735683716878,60.54899882355144,110.42885174502898,0.0,95.58346747463712,88.27629057476658,69.87017796832315,76.61087007827022,59.75375728687028,109.9592453748941,80.7193157690251,50.5542669176874,215.53562651324086,66.22807940609162,74.93474062489845,38.34368626482492,55.927864659822795,21.446187064434394,19.971423019110148,60.94985409248996,25.25820545070353,73.24995083115311,90.51345884352827,76.02020830620452,15.76284777068429,14.387466688706812,35.8390475330136,51.88816523117813,23.46857415536944,27.825256076293485,78.07153892394007,82.97448432826393,15.730018014167749,62.766691364965716,35.64290754667314,3.5636791302064803,53.424025680745885,78.10298570194324,46.78069984466085,8.942424175704764,45.361452207862826,59.946494892631016,37.00379485872182,44.161241209865906,61.28880451315703,18.60806899521317,11.692168574031172
5844,57.385979481124046,12.674229092063864,32.45826955924437,41.652492132454725,27.19654299640942,18.365605963211276,95.58346747463712,0.0,6.4885679850183555,5.98078305340827,16.46695403299305,30.480027457942914,12.174944101778166,9.11082751043764,33.479544575833586,53.34236845839277,38.21055491439518,11.979612285424462,93.65647045861915,36.15568474019583,135.21130291006972,135.95801809682078,20.56634528125982,64.75621983941335,17.599561945845064,4.766863327845692,17.787436992928033,61.60951679417586,73.15328058656469,30.29578464344255,43.956810464416044,115.09553524184345,46.80627201108328,7.112271601382553,12.846569494085127,84.93651161769117,41.59865161830234,73.95784840075535,98.73244667019296,39.22520995826829,4.803204382749511,18.913883053518216,96.33552056568986,36.87105590144576,22.34613870724938,42.68326670541978,41.67204395993588,19.901287222515002,99.47006816408286,74.1962404530637
5055,49.29932640707789,10.981849969988469,27.660294887109227,33.95510338063624,23.1749791396432,20.924413015675796,88.27629057476659,6.488567985018357,0.0,9.385555372090504,14.1231660765867,26.977601198432772,12.346746271720855,8.3174579532012,30.04553457416207,52.374114833058144,35.56752148012639,12.721583991046968,83.60724868768446,28.84018236335413,126.91237777456759,129.25024150080932,18.348451427206992,52.808438922136986,14.158370173329821,7.060802514560933,15.0900827884542,50.97706468986291,64.88418579052095,28.011095791228904,36.40902378324977,106.39281186242496,39.156514219372404,7.335505468421942,9.935610217437338,78.30262756633101,38.20994060786459,64.16399050929769,90.58076579802774,32.243561402106046,5.628063101060687,14.926503611570348,87.60541072383184,32.63554305200724,18.865549947067038,33.40904974288052,36.272830543294766,19.566265705789224,89.08267075487215,70.37446339129733
11919,47.77619463107015,19.49693670383156,33.902723820427404,37.145196691332906,28.168020875513058,22.763725139885437,69.87017796832312,5.980783053408258,9.385555372090511,0.0,20.39137505087041,30.801038774550076,16.958950469959177,11.107229860450852,32.11050544004526,68.7777570449096,36.91453340623537,15.754146573868038,77.08465144687068,34.27882157133318,106.68420800630116,100.29756165649614,15.864744585776505,51.23628991121898,20.65785852538584,8.440106140594503,19.17123367344447,44.28827457029731,55.48937827972463,24.380538456034056,41.275476135776024,91.1294647816638,38.48167577619196,7.540209750652205,17.2010409754755,61.95217620496603,37.848039741844474,61.00930805941462,71.40045367598175,36.59362764937613,5.206505577898516,16.866611821890977,69.24539177065824,33.00324022268701,22.353292123900854,35.93679344317875,36.47828804212076,20.562014194190223,75.92722799844935,56.71272482821797
10963,34.897685317504006,10.423802418966872,12.637393605294351,20.661022934904956,8.176012075274297,39.35264596583704,76.61087007827022,16.466954032993055,14.123166076586696,20.391375050870383,0.0,10.781617153585687,33.169469306777856,9.190674456076625,14.756458080813346,80.27093941464088,18.051612250170447,3.486981849164401,65.25892975466955,17.096776558694977,105.55504874449424,112.03695353214152,27.89278615700521,40.34524168753252,3.122357760937126,11.834152097656375,6.540046770981684,42.65435560097719,51.430292482515675,22.73668652314862,20.683165847717508,90.37926236829702,29.471557961625024,17.781688863313512,6.019217194487617,64.13975861015481,22.343769881942276,49.95612667882697,77.42026711592325,18.371057317776877,18.629023219708245,8.97264416962992,74.8153458220527,17.76468219991644,5.958467509490666,22.528602519472145,20.720750981652426,5.118986408731862,76.03270558680858,62.33518206696897
16989,13.824590309063485,23.67890420006908,5.209323364440452,5.276160853920981,1.957950056066504,53.46434346241632,59.753757286870275,30.480027457942896,26.97760119843278,30.801038774550072,10.78161715358569,0.0,50.54765767413713,18.631139716720398,4.756219818211697,109.40231760429945,4.08968880763544,13.909252704497943,35.97321154791606,4.726315035040434,76.1974323481633,90.92945564061804,31.212017818615735,21.294553011321057,8.002912126102247,25.692885597798064,10.199819658973961,30.40919229928208,31.802672883374505,16.639973493148442,5.530879309296242,62.020926601480745,18.479223595123187,31.792260120855794,16.375868579685537,42.40447439565612,17.276943413250297,25.183087689246317,59.69210063878779,4.052049053560416,30.26839980363581,12.094713198788462,54.1675903702123,3.970826854726955,4.403204325347743,9.023155428249632,5.1389765692279985,7.2764118910634705,49.458770990247395,49.17260231544735
9885,74.98348514827777,25.17503554855246,52.63776745416176,58.95524146499666,45.49161824253459,6.177629068498442,109.95924537489411,12.174944101778149,12.346746271720876,16.958950469959177,33.169469306777835,50.54765767413714,0.0,23.2426723129844,52.71446074559849,31.84979856845437,60.879632545416115,29.793703858154075,116.40358278560144,52.588694037501504,164.23758825321696,152.009458706444,15.594603893802597,78.9453896398039,33.161677953910406,16.573354395158862,34.76283110880461,71.92647033254401,88.30264416728977,41.64485817740734,62.477887862850395,134.78205622538067,59.82359548807924,13.065450289388641,28.639193064414503,98.83049063310634,63.96566826213724,91.2883891501093,113.63613461312815,57.00654079570621,10.880257572844405,29.67111559546781,109.60457319589182,55.85833687143699,39.68848505316712,57.062980605671456,60.45627524005705,39.288647693537634,115.27998386634003,85.62385202113092
1076,39.41463464119197,11.99369392256,19.80712033693591,27.247640100800933,16.602852267622,29.75108122929694,80.71931576902519,9.110827510437641,8.317457953201192,11.107229860450849,9.190674456076643,18.631139716720416,23.24267231298439,0.0,22.26089373576978,67.80833297314646,23.44587001432295,6.82670830390426,68.24654749521899,23.057363658726864,110.10395024764233,117.0632868467433,22.912738542904677,46.448611321753454,9.23566102526434,4.7012709644562785,6.547199269438592,45.876230375852,55.52316745704742,25.88893986121178,29.36050599651588,92.87080638561072,37.33884656936685,9.964737486415077,4.199770974393798,65.96734250016522,26.826885339508948,53.72195722665839,80.9848422580866,25.420863290744645,10.714035074461112,13.408197287749077,78.03580496071038,23.542537578533103,11.373465978585047,28.973749478840706,27.003024071098505,10.62161806411839,77.54144238002142,66.79706988361754
6822,13.786752487687238,26.126193861243767,12.907719195674234,6.215260571471518,4.489204004132217,53.22094335203127,50.554266917687436,33.479544575833536,30.045534574162055,32.11050544004522,14.756458080813285,4.756219818211679,52.71446074559844,22.260893735769784,0.0,117.24176014585235,9.811254252410935,16.153272139875238,35.63357164764372,9.468542494989842,73.4146581746244,82.76388718112575,30.629405204892805,18.89299481958918,11.87102887928135,28.66655373881948,15.679642349661858,25.355714134493176,28.066456500098692,9.711770261786521,5.035282518526029,59.08620092746834,13.15710485955014,32.536724191153,20.363505919588764,41.486755851466555,24.797813696565324,26.040811983473517,51.122828654118976,4.43493045255603,31.576015341687317,10.62158736299501,50.99374834362439,3.137798043245541,7.1921563735567515,7.990729521828837,5.4027414858237135,9.668790234693274,47.584885059439,38.74302583281792
11596,150.55874329896807,71.17708578185052,104.187445490219,123.70236753179661,102.92114174219745,29.54110957005276,215.53562651324083,53.34236845839272,52.37411483305812,68.77775704490965,80.27093941464081,109.4023176042994,31.849798568454414,67.8083329731465,117.24176014585228,0.0,118.32895504685614,78.03795900360296,208.075342826341,110.31658443413878,289.3229653616178,273.5780544397383,65.03724424603642,162.2913834937797,78.08690297416037,58.32345260977655,82.1564842026471,157.44093331707424,181.61311665175396,110.34385068995827,129.9678831683027,247.35637097776612,139.56310226767684,58.66113007902239,70.82723785053426,193.2800842791099,133.1720410565066,173.21075238561036,219.2483648318656,119.29332493856501,58.99951232317075,88.05922153191626,209.027436153918,120.89871806988596,94.14003922611201,125.81601773196648,127.0320876649849,93.93060183092415,206.82356996240534,182.60145305448395
1191,14.039920374135292,33.46695060160377,4.379363776737134,7.640546734867892,6.8117066171194365,63.04960050065824,66.22807940609164,38.210554914395196,35.56752148012639,36.91453340623537,18.051612250170432,4.089688807635439,60.87963254541612,23.445870014322956,9.81125425241095,118.32895504685605,0.0,20.53242493351287,31.568473528633643,5.197175372668582,73.91481163664568,95.1204479747761,39.63618414492401,25.82584711809334,13.291560516716832,32.53867235910815,13.2277107617732,37.25701233765162,34.95432820942514,25.13208147537966,9.497127582372618,59.279977715660046,27.928133674476996,42.176366390369175,22.047244986646376,42.34348723799603,15.273489787253215,23.243288000773273,64.85437721024593,7.54921525873002,39.063797897498844,21.254691110909878,57.09425583354379,7.282934872863637,8.586208123391247,14.784309270834974,6.98329172729407,11.87764135444883,46.991124988030464,58.27119692769491
2889,37.26584386866184,7.960627816561015,16.634930638229015,24.189429806993985,11.163848880808844,34.64523961460602,74.93474062489841,11.979612285424459,12.72158399104698,15.754146573868018,3.4869818491644025,13.909252704497959,29.793703858154046,6.826708303904264,16.153272139875277,78.03795900360294,20.532424933512875,0.0,68.09600855337342,21.296964610127013,107.30849027186706,111.90670120371266,25.856548408107127,43.503929420746246,5.748959507116839,7.379612904065393,6.2057993854617015,43.77175176336776,52.85020592109207,20.09490139855611,24.608342704565725,92.03009672714894,30.440656056632037,13.480588116901227,4.957534891519025,65.59650550202743,25.084102417166648,53.03456596932027,77.1889921313283,21.782093124382694,14.76680345642772,7.997499267761171,76.13326936767479,19.202905007837224,7.8670512100917005,25.359971096468136,23.606185645311655,5.8110323951861655,77.55374106601843,59.30337155488431
1525,13.422695963818832,82.89221431340796,40.09501878918799,24.52767196474325,42.15682104795954,118.48862796637947,38.34368626482492,93.65647045861921,83.60724868768447,77.08465144687071,65.25892975466955,35.97321154791607,116.40358278560143,68.24654749521898,35.63357164764379,208.075342826341,31.568473528633714,68.09600855337348,0.0,27.977557812956075,26.755750046763374,59.98382829329311,71.05428846463037,15.448505697040954,58.53673780157531,85.77574705605815,54.60230925250579,27.741642999111964,14.387970434893713,43.87736740127135,29.303626762849348,17.856903746094385,30.25435344524917,88.9218599590721,70.73826071533182,21.547090081534282,31.532342293013087,4.37231030900391,37.146815022689374,29.82762211314199,82.82733153517665,49.69871302773632,32.6822082830491,26.22469705769585,43.265535883828264,24.883191152092987,22.8475157508559,50.62479144488745,19.32102869193274,42.001522362395114
14361,11.706183947600898,28.25141656482906,4.729809776084744,5.144339368500965,6.401245891631849,56.8252871985712,55.9278646598228,36.15568474019586,28.84018236335413,34.27882157133318,17.096776558694977,4.72631503504043,52.58869403750151,23.05736365872688,9.468542494989848,110.31658443413885,5.197175372668583,21.296964610127027,27.977557812956064,0.0,66.14397710444783,91.05151003312338,31.980166853639606,19.185153973672506,11.868107852217761,32.08372121034567,14.045092688343424,28.808904797574062,27.22657074085414,20.688553502712782,7.4777105366303855,50.80251721301385,20.435277127984005,36.826209203587474,20.089542856323398,37.797760490456376,14.10570527820624,18.215333098359586,56.670145798762036,5.6850150124392975,32.823911399628024,16.285571403753842,49.82230794395376,6.549304511050768,8.527702999062647,9.075876414809512,5.568203030163803,12.857985639097503,40.34770413079501,47.31635999549045
20628,43.3128352622953,124.9724004626589,82.35888376314485,62.124445494129866,82.1221162560183,171.15527801144273,21.44618706443438,135.21130291006978,126.91237777456759,106.68420800630118,105.55504874449413,76.19743234816326,164.23758825321687,110.10395024764235,73.4146581746244,289.3229653616176,73.91481163664567,107.30849027186703,26.755750046763385,66.1439771044478,0.0,34.26331312322736,106.52941474449017,39.01479774174071,100.719038941805,128.11825181347308,96.97434279701282,40.27562231491207,23.775039011947683,72.68100127899233,65.37087836128391,9.172082400620116,54.79687764240481,124.44522486916655,111.71440313739639,23.47278749954064,57.34936256139958,33.58559127199736,20.86075119633519,69.1290106925427,118.50531593581194,82.28666196501996,21.227019992621614,63.36464983245651,82.96720163388848,56.247186855691325,57.44265280489608,87.39945198710662,22.89791218217715,42.319956807613096
20976,62.1409071380035,135.31933088583818,107.30100027119421,78.94958918106593,92.62858200600449,152.48818218461284,19.97142301911009,135.95801809682084,129.25024150080932,100.2975616564961,112.03695353214151,90.92945564061804,152.0094587064441,117.06328684674324,82.76388718112578,273.57805443973837,95.12044797477617,111.9067012037127,59.98382829329312,91.05151003312331,34.26331312322735,0.0,91.73771802901851,47.2782803547132,110.00947688731829,129.62816677118255,109.47735208554356,34.636019098113444,34.66443078485777,70.75937635781052,81.25939166129508,42.195485222048454,57.412548499239826,117.8396415660828,124.33695126934226,25.25971792966215,89.74604907470037,59.81939365285605,13.242656165748432,84.06502687358444,117.35510543659196,81.87408751879825,15.246542345605537,76.22383995330163,92.77723999177873,67.96827498034223,73.3970827746954,95.09980830183649,40.841009066005334,41.32707825990884
10617,40.889766091096895,25.367113374594794,37.50364675944406,32.5338563226199,28.36405827946484,15.552981152304248,60.94985409248998,20.566345281259835,18.34845142720698,15.864744585776505,27.8927861570052,31.212017818615738,15.594603893802589,22.91273854290468,30.629405204892812,65.03724424603637,39.63618414492403,25.85654840810713,71.0542884646303,31.98016685363962,106.5294147444902,91.73771802901847,0.0,40.47937929664081,25.043637484973907,22.14913507758882,28.057008621327373,33.30780718310554,46.31865430759901,19.829201554464408,36.02438662482555,84.00630654528868,29.462596106136953,15.740194003695988,28.312929557619412,51.68056043501178,44.415893251840735,51.79496493870999,63.89409359476139,32.76599321882448,11.729854547094963,15.946217611384931,59.14378816488102,29.836412255690046,25.07701412758405,29.28560109259797,32.21680895715103,26.62697656600112,63.66273631093722,43.400060663591084
14286,6.211990407139202,53.68831608907876,30.478569218510174,12.01526009157887,23.58173032890075,80.6536665997261,25.258205450703535,64.75621983941336,52.808438922137036,51.236289911218904,40.3452416875325,21.29455301132103,78.94538963980388,46.44861132175345,18.892994819589205,162.29138349377973,25.825847118093318,43.50392942074623,15.448505697040959,19.185153973672524,39.01479774174076,47.27828035471314,40.47937929664082,0.0,35.224605936133905,58.640872759649795,35.963483598870866,7.361497598598323,8.083373362718227,20.543840251104104,14.716309756544808,29.23403563501359,8.24081602416201,54.96035869411266,46.70770977179084,15.838530131849964,32.93550208772513,8.010589318460626,24.950232476285887,14.921019030405937,53.42954711620708,22.67247172713564,21.359447782913147,13.070976169233052,24.840012685741804,7.847011270473827,11.250437135818034,31.528509837136472,18.52902092361877,22.598991445720216
13112,28.983084352854465,12.16275611899091,8.279693896483247,15.434152640697267,6.296203400643579,37.75673627496405,73.24995083115307,17.599561945845082,14.158370173329816,20.657858525385894,3.122357760937113,8.00291212610226,33.16167795391043,9.23566102526435,11.871028879281344,78.08690297416031,13.291560516716823,5.748959507116848,58.53673780157529,11.868107852217754,100.71903894180505,110.0094768873183,25.043637484973896,35.22460593613389,0.0,13.313596494457618,5.330380280243442,39.112539194989026,47.282141401697615,20.638808413287776,16.055628114527668,84.69738944585498,27.466338203111846,19.481539393355867,5.791557357534938,59.8518049929772,20.324070537820557,43.928015671547435,73.70962549216962,13.089813639319223,19.000421807649182,9.113692722682151,69.58997794153468,13.551040825341701,3.972627586049511,17.706214873904027,16.000592558695615,4.918758935151421,67.69387015484035,59.71233264893514
17014,51.12825039388671,9.45925260674829,27.10207775688006,36.54058829621552,22.888922067831846,22.70235795557594,90.51345884352827,4.766863327845697,7.060802514560937,8.440106140594489,11.834152097656379,25.692885597798064,16.573354395158873,4.701270964456278,28.66655373881954,58.32345260977661,32.53867235910812,7.379612904065396,85.77574705605811,32.083721210345665,128.1182518134732,129.6281667711826,22.149135077588813,58.640872759649824,13.313596494457647,0.0,11.783817438392536,56.41976891738192,67.72779228182054,27.796123045650162,38.739147391441804,109.26593031500263,43.04826130777662,5.461358983306907,7.572680448716956,78.8647782028681,35.66973379576856,67.82121854377378,92.9492789857759,34.25713145457793,7.051127493848415,15.784113392055257,90.40255929394864,31.725796669845877,17.58283896961596,37.77158067172645,36.33011396334761,15.247137236933153,92.91057049700323,71.61371354041388
15122,27.811377164237783,14.888139719745944,10.544485502867639,16.933075559442102,9.445549775710338,40.70217440077253,76.0202083062045,17.78743699292805,15.090082788454211,19.171233673444462,6.540046770981695,10.199819658973952,34.76283110880462,6.547199269438603,15.679642349661858,82.15648420264708,13.227710761773205,6.205799385461707,54.602309252505854,14.04509268834345,96.97434279701281,109.47735208554363,28.05700862132739,35.96348359887088,5.3303802802434355,11.783817438392534,0.0,40.86943373238424,47.00294961842408,25.344846657706114,17.71574256849117,81.47934865789911,32.146332727728705,19.79087055745063,5.226822512371485,56.238835580400846,18.74798863794911,41.17665354152057,75.42188666681301,15.425076177854214,19.919018182787347,12.616019468742223,68.50353169217804,15.375816737746053,5.796594761832627,20.501897756409832,17.038302571790926,8.408929949128984,65.63201074780335,64.7462952431766
4436,16.12655670988824,53.74796651031617,42.006913153042696,21.837352599895464,30.210528962726045,74.15840201094937,15.762847770684283,61.609516794175896,50.977064689862914,44.288274570297304,42.65435560097717,30.40919229928207,71.92647033254401,45.876230375852025,25.355714134493226,157.44093331707415,37.257012337651574,43.77175176336778,27.741642999111953,28.808904797574062,40.275622314912056,34.636019098113444,33.30780718310557,7.3614975985983095,39.112539194989,56.4197689173819,40.86943373238428,0.0,7.646458169205892,18.779160112059948,24.37544667289495,31.564005648344896,10.872894304339235,48.54167865738815,48.316675701521355,13.138072634073888,40.907813455417624,19.26738118003141,15.635464692324394,25.11820765494467,48.438125864799204,20.72961990745582,15.26001773083545,20.576823372972036,28.820344830547572,14.089445484789477,19.679338727543204,32.68753926381801,18.897443301501127,13.750016379093458
16535,13.103240405308677,65.09768363677819,40.9500730672022,21.932071944659814,34.31085473558136,90.52101270656189,14.387466688706828,73.15328058656462,64.88418579052095,55.489378279724626,51.43029248251567,31.802672883374495,88.30264416728976,55.523167457047435,28.06645650009871,181.61311665175398,34.95432820942516,52.85020592109206,14.387970434893703,27.226570740854118,23.7750390119477,34.66443078485779,46.318654307599004,8.083373362718213,47.28214140169759,67.7277922818205,47.00294961842407,7.64645816920589,0.0,25.88312555192362,25.520023309851716,15.865617222298061,14.736965123511956,63.363091147965676,57.84056813246247,8.590495128897167,34.85389703543474,9.929549300239966,14.461064143508722,26.402259215182806,60.58404300731971,30.769986004812726,13.77001166045673,21.484463166828736,34.53133530199848,16.314524453700027,19.15754726442776,39.08840143848538,12.356123591617242,15.34910483896119
2147,19.35697566629306,24.42599502931188,28.056889403582346,15.33181531107512,15.334196262487449,40.60057105725664,35.83904753301359,30.295784643442566,28.01109579122893,24.380538456034074,22.736686523148624,16.639973493148428,41.64485817740732,25.88893986121177,9.711770261786528,110.34385068995829,25.132081475379675,20.094901398556114,43.87736740127131,20.68855350271278,72.68100127899235,70.75937635781045,19.829201554464394,20.543840251104083,20.638808413287762,27.796123045650177,25.344846657706096,18.77916011205996,25.8831255519236,0.0,16.718918514209676,57.49660253985741,8.396669848581503,22.859173432969598,26.765369930713607,37.244192984543815,36.91830591110065,32.170751581862426,40.280415271398816,14.870965658556958,23.641797366005314,7.013749739880253,43.16846216032762,10.927694649780072,15.567337561506207,10.574778658341584,14.184880649161354,16.137829165106364,43.52995188627298,21.19686044050914
4569,10.015968110071059,34.24909481186886,11.702979604091716,2.8911748430934994,6.902235628057194,65.5312707500565,51.88816523117814,43.95681046441596,36.409023783249765,41.27547613577598,20.6831658477175,5.530879309296233,62.477887862850345,29.36050599651588,5.035282518526037,129.96788316830276,9.497127582372617,24.608342704565697,29.303626762849387,7.477710536630393,65.3708783612839,81.25939166129508,36.02438662482555,14.71630975654482,16.055628114527686,38.739147391441776,17.715742568491134,24.37544667289496,25.52002330985172,16.718918514209687,0.0,51.44396812603669,15.472217836114035,42.66028712194895,26.22990254765193,35.87827484795601,22.146241464242394,19.8828907528721,51.69300649417745,2.05855025120788,40.62315525498138,16.048333070622558,45.897177154572894,3.9717668674247806,9.988787769388916,6.242757603174504,3.3368662090316263,16.20624019913729,40.89459511569454,43.161349609716126
9926,31.409974982812297,107.37712255244476,67.59444342142979,47.631097736186476,66.9881766709124,138.66768950211414,23.468574155369446,115.09553524184341,106.39281186242499,91.1294647816639,90.379262368297,62.020926601480696,134.7820562253807,92.87080638561065,59.086200927468376,247.35637097776637,59.27997771566,92.03009672714889,17.85690374609437,50.80251721301376,9.172082400620134,42.195485222048454,84.0063065452887,29.234035635013637,84.697389445855,109.26593031500269,81.47934865789912,31.564005648344907,15.86561722229807,57.49660253985739,51.443968126036694,0.0,43.48802845803999,107.07161241703639,95.9264305546211,17.128489049581418,45.42779221823512,21.106659136947655,24.338494270800645,54.70663665470372,98.81557091652016,66.66740581505287,23.82018030389945,48.8212168986557,67.69508521723702,42.7416314035458,43.70991131522865,72.79930606797085,14.329530014536415,34.32289949780584
15991,11.689998537351528,35.13582678231045,29.994807644445192,13.853314944418731,18.20025766352343,60.70507923651654,27.825256076293496,46.80627201108333,39.1565142193724,38.48167577619195,29.471557961625024,18.47922359512317,59.82359548807925,37.338846569366844,13.15710485955015,139.56310226767678,27.928133674477035,30.440656056632033,30.254353445249194,20.43527712798402,54.79687764240484,57.41254849923982,29.462596106136925,8.240816024161983,27.466338203111846,43.04826130777663,32.14633272772868,10.872894304339232,14.73696512351195,8.396669848581489,15.472217836114016,43.48802845803994,0.0,37.28378997139117,36.273136313456604,28.08427545312592,35.53017710301476,19.785631278327237,30.472353726429038,14.749111209799853,36.443404059841846,12.013126020711322,32.65785150291069,12.027909709779184,20.025369481747536,6.749425044812442,13.46098363459819,23.262472056755385,34.03465242699786,16.750756789439897
16493,52.53117677466392,11.247302849596053,36.45223108054477,39.97159110400639,27.963140990324256,17.936378768743424,78.07153892394005,7.112271601382549,7.335505468421942,7.540209750652193,17.781688863313526,31.792260120855776,13.065450289388636,9.964737486415077,32.53672419115297,58.66113007902242,42.17636639036916,13.480588116901224,88.92185995907217,36.82620920358752,124.44522486916661,117.83964156608276,15.740194003695994,54.96035869411269,19.481539393355877,5.461358983306903,19.790870557450678,48.54167865738816,63.3630911479657,22.859173432969584,42.660287121948926,107.0716124170364,37.283789971391194,0.0,13.928003643932373,73.71891809125022,45.84883158662004,69.08222412350075,82.68061310860703,38.19119722040821,4.479039287173116,13.970382640799642,81.6763442495334,35.582907193458134,22.806817092074528,36.99203156496476,40.02561765994942,20.948591959838915,87.86810012674776,58.68752942053625
4103,39.57738197768393,8.156093165157653,15.729590794147537,24.791028577011986,13.906330303281694,35.76687232298731,82.97448432826393,12.846569494085122,9.935610217437356,17.201040975475475,6.019217194487617,16.375868579685555,28.639193064414492,4.199770974393798,20.36350591958882,70.82723785053432,22.04724498664638,4.957534891519034,70.73826071533176,20.0895428563234,111.71440313739636,124.33695126934231,28.31292955761942,46.70770977179085,5.791557357534945,7.5726804487169534,5.226822512371454,48.316675701521376,57.84056813246248,26.7653699307136,26.229902547652,95.9264305546211,36.273136313456654,13.928003643932392,0.0,71.5403205313982,25.943741003664837,55.503837953231105,84.02745062639204,22.456477102250467,15.22852134018259,13.055016297123672,81.50613664293031,22.68241207567582,10.1130804504221,26.791337931485184,25.66388003049102,9.57774346501038,79.96459125366951,68.32114162450648
2887,19.09611615208158,83.04283158868354,51.63617333016965,31.96846368862589,46.54863788265103,100.42901805376438,15.730018014167747,84.9365116176912,78.30262756633103,61.952176204966115,64.1397586101548,42.404474395656116,98.83049063310638,65.96734250016524,41.48675585146661,193.28008427910993,42.34348723799605,65.59650550202743,21.547090081534307,37.79776049045633,23.472787499540665,25.259717929662145,51.680560435011756,15.838530131849977,59.85180499297717,78.8647782028681,56.23883558040093,13.138072634073884,8.590495128897166,37.244192984543815,35.87827484795603,17.128489049581425,28.084275453125915,73.71891809125026,71.54032053139817,0.0,43.68047283963539,17.100797906651145,14.188590110173653,37.554897878595284,71.17722720145512,42.23952263584228,7.7000467018670085,32.30224298642743,45.48563534108976,27.91905597556901,27.346594764786246,50.661393173753524,7.983353304781633,22.88565305573836
8248,24.13613839403707,34.47289257607463,12.208377850464482,20.359237432814837,19.695853836269833,72.35595379595868,62.766691364965716,41.598651618302355,38.209940607864596,37.84803974184446,22.343769881942272,17.276943413250283,63.965668262137136,26.826885339508934,24.797813696565342,133.17204105650643,15.2734897872532,25.084102417166633,31.53234229301305,14.105705278206242,57.34936256139953,89.74604907470021,44.415893251840735,32.935502087725105,20.32407053782057,35.669733795768565,18.74798863794907,40.907813455417624,34.85389703543478,36.91830591110067,22.146241464242383,45.427792218235105,35.530177103014765,45.848831586619966,25.943741003664826,43.68047283963537,0.0,25.742483098544845,61.51854617227743,21.86868396993275,39.225150351633,26.70056575070776,55.80211666225291,20.939835270313566,17.27338937834823,24.95071578395455,20.125393140497906,19.405122752975227,50.92717829275942,60.80333898014694
5713,6.592115201327943,65.09032721903397,29.604877867596727,15.312786880421754,30.253594607196053,92.32895964919275,35.642907546673136,73.95784840075528,64.16399050929766,61.0093080594146,49.956126678826905,25.18308768924632,91.28838915010928,53.72195722665846,26.040811983473567,173.21075238561048,23.243288000773276,53.03456596932026,4.372310309003899,18.215333098359604,33.58559127199738,59.81939365285601,51.79496493870998,8.010589318460621,43.92801567154747,67.82121854377372,41.17665354152049,19.26738118003142,9.929549300239975,32.17075158186243,19.882890752872086,21.106659136947634,19.785631278327255,69.08222412350074,55.50383795323097,17.100797906651117,25.742483098544845,0.0,35.19967286270863,20.112166588697843,63.88973195996854,34.5126278262344,29.106324044607284,17.46178083764643,31.223394365751066,15.088774053895442,14.249226147518987,38.78086746726346,17.748348773156888,34.12836815402876
17997,35.58472606031176,93.62403031176625,73.08382659613737,49.1312815215771,60.63549477975402,114.31171078939194,3.5636791302064816,98.7324466701929,90.58076579802776,71.40045367598175,77.42026711592324,59.69210063878779,113.63613461312812,80.98484225808659,51.12282865411903,219.24836483186573,64.85437721024591,77.1889921313283,37.14681502268938,56.67014579876201,20.86075119633521,13.242656165748404,63.8940935947614,24.950232476285898,73.70962549216961,92.94927898577595,75.42188666681301,15.635464692324403,14.461064143508722,40.28041527139882,51.69300649417748,24.33849427080063,30.472353726429056,82.68061310860706,84.02745062639205,14.188590110173651,61.51854617227739,35.19967286270867,0.0,53.41008667122346,82.14075704094557,49.76403380624627,5.365567262811565,46.15151925250359,60.02219799553962,38.12596580296755,44.359616079541276,62.32603178266082,19.642147436027685,17.887382383384978
31,9.29506292393763,30.412684164880563,9.223786825308643,1.6826153035523914,6.114423292408866,59.014687178297194,53.4240256807459,39.22520995826824,32.24356140210605,36.59362764937614,18.37105731777687,4.052049053560417,57.00654079570617,25.420863290744617,4.434930452556016,119.29332493856502,7.549215258730022,21.782093124382698,29.827622113141988,5.6850150124392815,69.12901069254274,84.06502687358444,32.76599321882448,14.92101903040593,13.089813639319207,34.25713145457794,15.425076177854217,25.118207654944666,26.402259215182845,14.87096565855697,2.0585502512078824,54.706636654703765,14.74911120979988,38.19119722040824,22.456477102250453,37.55489787859528,21.868683969932775,20.112166588697843,53.410086671223475,0.0,36.264513558520065,14.510723523723124,47.47928118891593,3.1791392923051074,8.5629165446529,5.048436952805845,2.5015686867918454,13.964069229552875,41.33708367496967,43.6163783452122
3868,49.96594738981331,11.750484391443196,32.92379392709039,37.611772517781034,26.812958597409065,16.944507667150813,78.1029857019433,4.803204382749513,5.628063101060711,5.206505577898514,18.629023219708255,30.268399803635806,10.880257572844407,10.71403507446112,31.576015341687388,58.999512323170684,39.06379789749884,14.766803456427715,82.82733153517671,32.823911399628045,118.50531593581206,117.355105436592,11.72985454709498,53.42954711620709,19.0004218076492,7.051127493848418,19.919018182787354,48.43812586479922,60.58404300731977,23.641797366005314,40.62315525498141,98.81557091652014,36.4434040598419,4.479039287173127,15.228521340182574,71.17722720145515,39.22515035163299,63.88973195996858,82.14075704094556,36.264513558520086,0.0,15.213417300011988,80.26468181152723,33.88044579385837,22.0170926553711,35.66230673906209,38.09033566734028,20.63650774310406,84.60263009492189,57.62564498463385
194,21.746297350668257,13.72119377568945,19.65583401048962,15.122210942172925,9.637047829735033,32.45079948703678,46.780699844660866,18.913883053518187,14.926503611570357,16.866611821890988,8.97264416962992,12.094713198788458,29.67111559546777,13.408197287749083,10.621587362995015,88.05922153191622,21.254691110909867,7.997499267761171,49.698713027736304,16.285571403753853,82.28666196502,81.87408751879825,15.946217611384936,22.672471727135648,9.113692722682151,15.784113392055248,12.616019468742207,20.729619907455824,30.769986004812736,7.013749739880251,16.04833307062256,66.66740581505285,12.01312602071133,13.970382640799633,13.055016297123638,42.239522635842235,26.7005657507078,34.512627826234386,49.76403380624623,14.510723523723126,15.213417300011967,0.0,49.98399728717303,11.481023103843016,7.518546647828999,11.178260742316114,14.532792435466924,7.945060778329188,51.99838919631586,32.730866078555785
9469,30.343344621544393,93.07198538435713,65.01394012767803,42.99371205061764,56.93849679110929,111.30843817435611,8.942424175704767,96.33552056568983,87.60541072383195,69.24539177065819,74.81534582205275,54.16759037021232,109.60457319589182,78.03580496071037,50.99374834362446,209.02743615391836,57.094255833543784,76.1332693676748,32.682208283049064,49.82230794395379,21.22701999262164,15.246542345605532,59.14378816488109,21.35944778291314,69.58997794153466,90.40255929394864,68.50353169217797,15.260017730835463,13.770011660456749,43.16846216032768,45.89717715457286,23.82018030389942,32.65785150291071,81.67634424953344,81.50613664293027,7.700046701867001,55.802116662252956,29.106324044607273,5.3655672628115605,47.47928118891588,80.26468181152713,49.983997287173004,0.0,42.53338762037162,56.40943040803516,35.10609580530891,38.565936311668025,61.364795679693366,14.085842696074028,23.900138686455882
9687,8.261693756870596,29.923059411435776,11.15145690028574,3.3717291391002604,5.648144955523608,56.06530363174982,45.36145220786283,36.87105590144575,32.63554305200723,33.003240222687,17.764682199916447,3.970826854726958,55.85833687143701,23.542537578533114,3.137798043245536,120.89871806988603,7.282934872863638,19.202905007837227,26.22469705769587,6.54930451105077,63.364649832456536,76.22383995330166,29.836412255690057,13.070976169233056,13.55104082534174,31.725796669845874,15.375816737746037,20.576823372972047,21.48446316682872,10.927694649780074,3.9717668674247864,48.82121689865572,12.027909709779184,35.58290719345814,22.682412075675806,32.30224298642741,20.939835270313562,17.461780837646447,46.15151925250362,3.179139292305112,33.88044579385835,11.481023103843025,42.53338762037161,0.0,7.407597972818668,5.047310859074799,2.7853099683733724,10.835407521639022,36.252513957848734,35.50308221145237
20196,19.065576741105986,17.01611138294507,6.956992805753484,9.805016483753018,3.1813990194885124,43.4534654745639,59.946494892631,22.34613870724938,18.865549947067016,22.35329212390086,5.958467509490663,4.403204325347742,39.688485053167156,11.373465978585047,7.192156373556728,94.14003922611221,8.586208123391241,7.867051210091696,43.265535883828285,8.527702999062639,82.96720163388856,92.77723999177873,25.077014127584054,24.840012685741808,3.9726275860494824,17.582838969615946,5.796594761832625,28.820344830547565,34.53133530199848,15.567337561506212,9.988787769388916,67.69508521723708,20.025369481747525,22.806817092074528,10.113080450422096,45.485635341089726,17.27338937834823,31.22339436575106,60.02219799553965,8.562916544652904,22.01709265537111,7.518546647828995,56.40943040803519,7.407597972818665,0.0,11.882799991581962,9.32895985534253,2.698502199346663,53.30025630536219,48.457107134376955
14061,6.297706815036577,32.65732230488833,16.35794673888259,4.272081672901784,10.465707992009948,59.14781172551539,37.00379485872184,42.68326670541981,33.40904974288054,35.93679344317881,22.528602519472138,9.023155428249629,57.062980605671456,28.9737494788407,7.990729521828859,125.81601773196647,14.784309270834976,25.359971096468133,24.883191152092994,9.075876414809507,56.24718685569132,67.96827498034219,29.285601092597968,7.847011270473846,17.706214873904017,37.77158067172643,20.501897756409797,14.08944548478947,16.314524453700038,10.574778658341588,6.242757603174538,42.74163140354583,6.7494250448124395,36.99203156496482,26.791337931485177,27.919055975569005,24.950715783954557,15.08877405389549,38.12596580296754,5.048436952805849,35.66230673906208,11.178260742316112,35.1060958053089,5.047310859074797,11.88279999158195,0.0,5.179895850552353,17.312979489543633,29.983808717832275,28.908708662575307
5220,6.3710556539390195,34.51184249005641,10.78772332878882,1.797961465984261,7.757950335135801,61.88546140641311,44.16124120986593,41.672043959935884,36.27283054329479,36.47828804212079,20.720750981652426,5.138976569228005,60.456275240057046,27.003024071098512,5.402741485823731,127.03208766498501,6.983291727294067,23.606185645311665,22.847515750855866,5.568203030163807,57.442652804896085,73.39708277469535,32.21680895715105,11.25043713581802,16.00059255869561,36.330113963347614,17.038302571790915,19.679338727543197,19.15754726442778,14.184880649161352,3.3368662090316303,43.70991131522871,13.460983634598195,40.02561765994945,25.66388003049102,27.346594764786225,20.12539314049791,14.249226147519003,44.35961607954125,2.5015686867918445,38.09033566734024,14.532792435466925,38.56593631166802,2.7853099683733715,9.328959855342536,5.179895850552353,0.0,13.875113722006818,30.868694689807327,36.15473877607221
13337,25.49375927098962,15.048921581084553,10.1437317833701,15.523033834225508,5.862193071387384,42.27642971048086,61.28880451315705,19.90128722251501,19.566265705789235,20.56201419419019,5.1189864087318595,7.276411891063471,39.28864769353764,10.621618064118392,9.668790234693267,93.93060183092408,11.877641354448826,5.811032395186168,50.62479144488741,12.857985639097487,87.39945198710663,95.09980830183646,26.62697656600113,31.528509837136504,4.918758935151404,15.247137236933161,8.40892994912899,32.687539263818024,39.088401438485384,16.137829165106368,16.20624019913729,72.79930606797086,23.262472056755357,20.94859195983892,9.577743465010393,50.661393173753545,19.40512275297522,38.78086746726348,62.32603178266082,13.964069229552862,20.636507743104065,7.9450607783291884,61.364795679693366,10.835407521639022,2.698502199346662,17.31297948954363,13.875113722006812,0.0,60.004105453005515,48.50175187020114
1613,21.432080887610542,92.8350863886146,56.705587486597935,34.97416301732899,54.35841976023135,115.4770191576434,18.608068995213156,99.47006816408276,89.08267075487213,75.92722799844931,76.03270558680858,49.45877099024739,115.27998386634009,77.54144238002145,47.58488505943898,206.8235699624054,46.99112498803042,77.55374106601845,19.321028691932742,40.34770413079496,22.89791218217716,40.84100906600535,63.662736310937206,18.529020923618777,67.69387015484034,92.91057049700323,65.63201074780328,18.89744330150112,12.35612359161724,43.52995188627301,40.894595115694564,14.329530014536433,34.034652426997816,87.86810012674782,79.96459125366945,7.983353304781631,50.92717829275943,17.748348773156906,19.642147436027685,41.33708367496963,84.60263009492186,51.9983891963159,14.085842696074037,36.25251395784873,53.300256305362225,29.983808717832268,30.868694689807327,60.00410545300553,0.0,25.64571567564082
10940,31.13438000086974,64.06600490328877,64.04647948078124,40.32475030351375,48.62968610146952,83.56281053211755,11.692168574031182,74.19624045306374,70.37446339129731,56.71272482821797,62.335182066968976,49.172602315447385,85.62385202113096,66.7970698836176,38.74302583281797,182.60145305448398,58.27119692769492,59.30337155488431,42.0015223623951,47.31635999549045,42.319956807613124,41.32707825990887,43.40006066359108,22.598991445720213,59.71233264893514,71.61371354041384,64.74629524317659,13.750016379093445,15.349104838961198,21.196860440509173,43.16134960971612,34.32289949780581,16.750756789439926,58.687529420536265,68.32114162450644,22.885653055738324,60.80333898014694,34.128368154028784,17.88738238338499,43.616378345212176,57.62564498463382,32.730866078555806,23.90013868645588,35.503082211452366,48.457107134377004,28.908708662575286,36.15473877607222,48.50175187020113,25.64571567564084,0.0
