,arc_pair_221519,arc_pair_161493,arc_pair_48468,arc_pair_684529,arc_pair_206257,arc_pair_249616,arc_pair_337111,arc_pair_290847,arc_pair_726656,arc_pair_447717,arc_pair_218228,arc_pair_307657,arc_pair_48188,arc_pair_147702,arc_pair_169201,arc_pair_694660,arc_pair_25587,arc_pair_542791,arc_pair_682126,arc_pair_402982,arc_pair_578116,arc_pair_307953,arc_pair_313438,arc_pair_203062,arc_pair_197122,arc_pair_27742,arc_pair_255622,arc_pair_139628,arc_pair_58054,arc_pair_557730,arc_pair_610128,arc_pair_283483,arc_pair_370771,arc_pair_522221,arc_pair_624573,arc_pair_144158,arc_pair_257950,arc_pair_115275,arc_pair_593564,arc_pair_708260,arc_pair_496804,arc_pair_247784,arc_pair_230744,arc_pair_364083,arc_pair_511862,arc_pair_649551,arc_pair_489657,arc_pair_270697,arc_pair_446116,arc_pair_148500,arc_pair_90669,arc_pair_656372,arc_pair_664080,arc_pair_257072,arc_pair_261455,arc_pair_547258,arc_pair_67750,arc_pair_720681,arc_pair_347280,arc_pair_588558,arc_pair_594469,arc_pair_649403,arc_pair_599471,arc_pair_718797,arc_pair_695283,arc_pair_516918,arc_pair_724174,arc_pair_260376,arc_pair_551617,arc_pair_358495,arc_pair_450035,arc_pair_64470,arc_pair_665109,arc_pair_726873,arc_pair_461800,arc_pair_156269,arc_pair_269928,arc_pair_242245,arc_pair_384979,arc_pair_51712,arc_pair_595373,arc_pair_295568,arc_pair_142660,arc_pair_495861,arc_pair_167650,arc_pair_82729,arc_pair_169398,arc_pair_435729,arc_pair_653762,arc_pair_644674,arc_pair_365022,arc_pair_716732,arc_pair_692544,arc_pair_134659,arc_pair_639703,arc_pair_632661,arc_pair_566053,arc_pair_129381,arc_pair_271027,arc_pair_493828,arc_pair_336359,arc_pair_621082,arc_pair_731860,arc_pair_323321,arc_pair_462000,arc_pair_43532,arc_pair_131562,arc_pair_119264,arc_pair_625567,arc_pair_16513,arc_pair_101269,arc_pair_176092,arc_pair_523521,arc_pair_551110,arc_pair_521750,arc_pair_166773,arc_pair_532740,arc_pair_700005,arc_pair_474346,arc_pair_460240,arc_pair_594335,arc_pair_24655,arc_pair_278581,arc_pair_75573,arc_pair_641885,arc_pair_292663,arc_pair_39421,arc_pair_703887,arc_pair_22407,arc_pair_717256,arc_pair_89302,arc_pair_714315,arc_pair_464015,arc_pair_674772,arc_pair_280409,arc_pair_388971,arc_pair_674359,arc_pair_172674,arc_pair_217721,arc_pair_649523,arc_pair_492710,arc_pair_297765,arc_pair_208250,arc_pair_713999,arc_pair_564013,arc_pair_672184,arc_pair_649903,arc_pair_729575,arc_pair_642267,arc_pair_149569,arc_pair_281486,arc_pair_27275,arc_pair_723396
arc_pair_221519,1.6142451377784802e-16,1.3100950487132494,5.405595361753525,1.0084620882718385,0.9003117869180275,1.582474457094298,1.2219677379515472,1.2603905361591878,3.527331240016873,3.398252585482814,2.566609778087304,1.6369854746598225,4.152813292112689,0.8427433469898085,1.8654467977994258,0.9328678121765185,0.7714641328227216,4.251815350612147,4.104705584737874,5.6173717964999526,2.978369493927511,1.7280893093790337,5.909682183696636,0.8855613236809089,1.4468707861022998,3.6569670277371267,1.157628736209928,1.0147090099222158,3.9465646388408864,1.3323730003791319,1.048975125517357,2.1530082180066974,1.4114413579092537,0.8679544734297728,0.9177437168725412,1.3305724768603178,1.3047728737406024,1.930434748164163,1.307088874381156,1.7190837245958952,1.121956516098756,1.1891954640369113,1.6895904436891782,1.3046310037458997,0.856107042770873,2.589305314917639,2.270194810746328,1.4480951878090673,2.4050392900102997,0.8008404393637159,0.8252772273240654,1.720053308505212,1.245886385711232,0.8728227700360226,1.0810113130677352,0.692838637691409,1.4755353557547426,1.7079452840595726,1.7257630184484722,0.8618723991817878,3.827603810298519,1.0728413489309214,1.2379343904535551,5.408485851956655,1.8392622467142918,1.1245547503790507,0.7703720632910732,2.534061763807073,3.9323941689030284,3.6086116464505276,1.4941421413603595,0.8235158037798305,25.386316959591472,1.0051585026808139,3.4427800738318846,1.1517377130338597,2.167608877037406,1.1131349890509377,1.4527974419477658,1.4296918015506974,1.60882065416954,1.2698205346908673,1.8552663358957804,1.9482875067446077,1.1676728779264636,4.301716987523923,0.7623708242120177,1.9360558542307293,2.740627708003644,0.9162042512390961,0.7838451786996996,3.501031858376653,1.2313705051400397,1.9552209536375706,1.2404414816795386,2.6590177191707847,4.050658913048606,3.8729192413835825,1.819130038593606,1.7353691129878706,1.1118270075472378,5.5518173309071654,1.6660758971249698,1.4743959480704938,0.9475489462819078,1.2994115084436435,2.1168481003689905,1.0474870606408586,1.9249024406426842,0.9257252955810351,0.7570484375324733,1.8034450722858089,1.0610207592749652,2.3657133734285427,1.2363808241848302,2.7051959351449204,0.8029837573119971,1.64129976534677,2.125307626389664,2.5392027433162943,0.853951687367644,1.2044747101794842,8.35888445184209,2.4701035980990103,1.2315595174463057,1.2421999965028787,4.17922756950201,1.2942413771667,2.1817614188773025,4.381557638523348,4.38238030832072,1.1292975979100444,2.883777792934459,3.814844731334996,1.3968704484775833,0.880129713718838,4.9194388388050605,1.875861039548162,5.225436645904118,2.076889174281032,8.888427523066664,7.086659225780543,1.249235461690048,1.1003839892065268,1.9073388736672474,3.518767850342403,0.8028564950259685,2.197029600995541,4.370103332713586,1.1385350728611239,1.2062032216448753,1.4703866751824546,3.125754385346401
arc_pair_206257,0.9003117869180275,0.6473364706607555,4.561037196351845,0.513482268959065,2.485835157243938e-16,1.2946836048044905,0.9514721053836868,0.7322569954768433,2.988656219227635,2.703257086531595,2.0327397237466953,0.7287353359407622,3.581010801227585,0.6479919005817772,0.7845080609011843,0.48694299936645447,0.493432408871044,3.3006636817433823,3.2875417319327482,4.855611826014997,2.237979916667638,0.8957707838991139,5.141725777969934,0.4426164105145808,0.8138666423738217,2.685040860970651,0.5392474192514953,0.3702160214840013,3.0460637216216435,0.7078623750265556,0.7164679182537818,1.1708010928146084,1.1871837181829912,0.38275681061074374,0.4363581857927428,0.5433349775731771,0.8877644355209341,1.2334779547785653,0.6882261985755949,0.8823973015550799,0.5139242448285055,0.5176736597951517,0.9859274344399181,0.8867870612628365,0.3898132766617658,1.9215430267142521,1.2010028372898078,0.5761824359405986,1.5491728739994823,0.5672692045740708,0.42915832279094646,1.0105213088164235,0.9423670303139141,0.5245583253172325,0.6684375922439745,0.34118909806473185,0.7268222101575651,1.132685520021096,0.8665901711542173,0.3681446339832662,2.9444657699534664,0.4755704747184764,0.6143608546862035,4.779771076268707,1.1085191430972503,0.5757805065767012,0.40878185622671337,2.0217825266833453,3.094857601389651,3.097462030640502,0.8518845646058979,0.4060814591268164,24.785363084030074,0.6912851497430976,2.7060608194417073,0.7885635949199636,1.3743560137015942,0.4752632559659309,0.7193952493693503,0.7023917982606531,1.027113146126462,1.1542962118848363,1.012336461354352,0.8374216228049274,0.5424322615107775,3.5328303488877184,0.4471480325922099,1.4817524109356621,1.8172342527233607,0.5753262118052811,0.5044607181156833,2.2049623574910595,0.663533621149415,1.6453190259821457,0.7778388378253192,1.8986769339807141,3.2760071878947894,3.2743239421653634,1.2044181459387766,0.8111344798780561,0.5575568713593322,4.626066627890765,0.8055999684277939,1.1707433790950073,0.45423712643082803,0.8607265964929973,1.9870007967638001,0.5887779788971528,0.9711761843723206,0.5760115058849111,0.5581452095565025,1.26627005430573,0.5618896879507002,1.5820632211161227,0.4910049251507579,1.9827701920226815,0.5389520270941467,1.3111235026472732,1.1509748510842686,1.6243490006505419,0.31589183350183037,0.9196063178984373,7.34097338101165,1.8994926847842393,0.6447034692536192,0.6990184126317853,3.490547039206179,0.7872274935184559,1.5022294216073733,3.637258969349292,3.6513075729993236,0.5996924073409273,2.112543100550855,2.7721340749864862,0.797537308277857,0.26205445581943176,4.069846301803689,1.0377141423014484,4.373669631662435,1.6056578831715234,8.087292831679962,6.327133468545759,0.8872058577685071,0.5318322119798751,1.0289861558942885,3.0235376209522973,0.5007356107912058,1.1825449757271433,3.528988819644194,0.5483939548658125,0.4596007244343955,0.8661153297844413,1.882588399350944
arc_pair_25587,0.7714641328227216,0.794604259336406,4.9972745901328235,0.6045505817870657,0.493432408871044,1.1110146323791987,0.7667007043657116,0.8332413463736305,3.024765933566628,2.919044719199901,2.2318729026893527,1.25170582738672,3.761731755485844,0.5615607949981705,1.4610307806031038,0.5830948424741579,1.0352913353880564e-16,3.9684609159989837,3.641245376511348,5.125087154734573,2.6844559197509086,1.3598644803499846,5.551720077222545,0.5792806520212894,0.9554275106173999,3.1268553515829782,0.6483692017128002,0.6598996941227679,3.3628076099051123,0.7706405360133524,0.5228504180381544,1.6211385646882368,0.9140397849959665,0.4405778469867423,0.5083678631264716,0.7416974743093352,0.8582843328728074,1.5687783693345434,0.6635121403792578,1.4230982509130392,0.6516883911558182,0.8767635084725434,1.0789355654676978,0.833925883023643,0.4741286954443937,2.152979493554553,1.5678815234049064,0.9550794485917105,2.0093969563066465,0.4815444712545063,0.4815351178414752,1.301542387886214,0.9060804696992076,0.4991748360409677,0.6359470015151972,0.39247489721879963,1.1555868720960913,1.3591755767729499,1.276369522519472,0.39515288615051525,3.3282271544165454,0.6651983841950105,0.8556897582914379,5.198071869534443,1.3232174907744212,0.670304834797042,0.27894706729976404,2.0400665500415234,3.4608617591185915,3.2334963462541393,1.0034169407979991,0.5089212289688814,24.84534750676478,0.5934777507311506,2.983664226664966,0.7134895382651001,1.5421911408836766,0.6144924092603894,1.108220770994448,1.032287514677243,1.0483743798729466,1.0678223326561957,1.4176329886237315,1.4146217777941585,0.788076159875018,3.7329217350409714,0.25178331115478475,1.5718895680690985,2.2253511917495126,0.561224999051173,0.39116341683555855,2.9971481536485154,0.7365701192263909,1.6583306466030991,0.8683487117318189,2.3102045445747876,3.877301026127732,3.475658435880977,1.4362089880084221,1.1356217554128996,0.7245795986399174,5.114774236523798,1.1262880764637315,1.2225169312430182,0.5963976039189557,0.8801004773969875,1.8386469294216392,0.6885070078097866,1.3417761097356922,0.4569171223155897,0.5090961548604025,1.4642534056974816,0.7225193672429862,1.8477731446684982,0.7712597679821656,2.267574114180559,0.6194785160071442,1.4378705919408796,1.5568132830915675,2.0314243730983756,0.4047885891240097,0.726589956708831,7.8775718962542545,2.010795369510735,0.7542660979759408,0.6790270863736555,3.816831117341971,0.8237755482051581,1.6774423653072437,3.803171492642357,4.175868915973732,0.6583062269240801,2.4915806527598403,3.242116502332533,0.8931856617312693,0.5246775479912491,4.464621880829091,1.5537613709500058,4.804348775892335,1.6248191223556372,8.258826523067558,6.3775628676094644,0.8379117291714605,0.7095526831178479,1.2738579987849417,3.1131206502185775,0.4125097574130793,1.887589520333285,3.8326361081680975,0.662984025411059,0.7004251187850101,1.069618064728673,2.733884541920066
arc_pair_682126,4.104705584737874,3.4121732714806474,4.2476007384118635,3.3707421961935586,3.2875417319327482,4.1431655142881585,3.297910525142713,3.2507312825968753,3.7303255742728663,3.666836312229915,3.963167662616902,3.7215602088833184,4.45913492634911,3.8635435840505665,3.7247065651411995,3.504173621592732,3.641245376511348,4.777935229822992,1.1944659237448594e-15,4.087023465202112,3.376856757986525,3.653707870816142,4.438880055938029,3.644495791259555,3.6286438750295433,3.1189963871099566,3.121961649054985,3.4109564419147596,3.8503772712674014,3.277889068374329,3.9356646978573053,3.5797999194975723,4.214515131407124,3.5391294675755347,3.367865714990424,3.251849498734204,3.5585331655881274,3.1509243544918872,3.3181463467591303,3.8730992303783736,3.3653815658233857,3.428194205067916,3.2716115990437227,3.5352142229448416,3.500282757065202,3.3294238277234136,3.2754909911954506,3.7955768068812534,2.8641237211803494,3.568811076481187,3.321956973568005,2.697126506283367,3.530476461497285,3.653811148291215,3.659354932452054,3.695581479926922,3.766925629883128,3.1950033894782335,2.957921530491086,3.445848077687535,3.258318753168835,3.6836242102384764,3.3644523964271507,5.721713885577854,2.7736454944026665,3.466721089707147,3.693823137616885,4.1482712564562565,3.196987383305493,4.195732204053638,2.722384124441736,3.5515702199099497,22.230970473614754,3.973453916436781,4.152465495609567,3.5041959192035104,2.949380492873071,3.6858836627771394,2.8140580633255357,3.7135025940986237,3.0733518085857554,3.9799930566360184,3.6410482404337,3.471135815103775,3.6397833378891784,3.728387103455898,3.6312108863757855,3.086881762959022,2.910942012781748,3.444125024299341,3.609252535802961,4.091320969341095,3.6558660319730345,4.0229134358147425,3.821216821473589,3.3369686873024604,3.4307335768206766,4.416339745660561,3.2768542980781015,3.2043225158248387,3.272991125488405,3.783491773498175,3.0986263454445964,3.7372049195772523,3.4475004141627483,3.795026250810355,4.026895214431305,3.663171917641407,3.0082320740510395,3.3515834777104434,3.5278039917067514,4.053146168546544,3.6448674964309533,2.9170260980702283,3.442203196663379,3.0377452316918134,3.2421063527297918,3.768314764977031,3.3749052447204213,3.759705197011721,3.406746385197285,3.8999944969327767,6.30688295212505,3.7458210478472744,3.6641515155282685,3.465852935688789,3.54643553189534,3.6840035269848435,3.309228998993288,4.3560199880316794,3.508373279087021,3.352187399518307,3.0187163449271397,2.717875974285878,3.614449354969162,3.3660997753704502,5.034401192256876,3.8552603750475045,3.9097577957155294,3.5908278811972396,7.293826205683825,6.079688439869379,3.2120947850053887,3.137106116542384,3.337806186785483,4.291025720182773,3.631840136070384,3.911454264255636,3.931643990216913,3.4162284516702144,3.3753424746541176,4.154568248558501,4.217443341366879
arc_pair_610128,1.048975125517357,0.9344563554081085,4.899620309109858,0.7338445697550748,0.7164679182537819,1.305823879442341,0.92413006428815,0.9794461722853443,3.1625541042440726,3.182130222041434,2.6014854658207813,1.1283510247833692,4.029107666541963,0.8102583364707348,1.5403694090230828,0.6409056272415803,0.5228504180381544,4.051218696270643,3.9356646978573053,5.304120661081083,2.469598673450533,1.3052817090475821,5.852104599648006,0.6997125981909028,0.970871687702962,3.3303446016730627,0.8514924128338113,0.7979034364414673,3.477563453226223,0.8960104777249203,1.9746802680994554e-16,1.8647881813127603,1.1724935779954322,0.6853073053621821,0.6520464869937326,0.9230491416793701,0.924844075232331,1.6904801557460685,0.852003343601963,1.3386574790252674,0.8175905221733842,0.9665250122402369,1.31166437422688,1.1599312320531934,0.6374858080097116,2.3772572828535345,1.7908914443150017,0.9636774021867741,2.0826108973710182,0.7280570797930852,0.8065623703060825,1.5028071865872459,1.12663236989793,0.5847536906315424,0.8835535965605501,0.6434162887548536,1.1059697013926117,1.5688531083962958,1.39579618581685,0.6167586273900916,3.2258109336062013,0.7797058666021041,1.0256280573729655,5.104375632061242,1.4486792597640756,1.00561924644979,0.4922863006941418,2.1367204229999923,3.6392492915149686,3.5016488656688853,1.2454254833243754,0.6353281200327643,25.019652116833548,0.7278535125461254,3.1323793447934722,0.7614999547110732,1.4926201660172245,0.7152858945224952,1.1434807815958377,1.0760883659120921,1.412530332295602,1.2638460050619054,1.5562294394173912,1.4063580763119317,1.0172414927120073,3.9860902007827748,0.5103279299402379,1.8155208293013314,2.330984848512942,0.6325444441302407,0.613618379163669,3.0332848762160283,0.7865384969372416,1.8310914642061282,1.0190271988651043,2.4063275569797886,3.7959630854522826,3.6309995579721766,1.5916443972374335,1.0714762173168286,1.081811282380113,4.979152450128803,1.3132097353755467,1.324889368757388,0.8350915432265413,1.007809891892436,2.206867493795543,0.8240129114685751,1.5324950458213906,0.7540748946398083,0.7941774402443595,1.5725806871341148,0.8217101431451552,2.0177950236990623,0.8437086732094388,2.506569958899713,0.8320390919614871,1.5382687929972447,1.6605712321698707,1.9428081715084535,0.5532905023808539,1.0488563193090625,8.021752237231905,2.1521632059017857,0.8349758189417944,0.738046684153611,4.061766746464015,0.854836103559669,1.915982043064835,3.9190749205920876,4.205464575642697,0.9030204692152298,2.6275352983095597,3.2666235327591098,0.9983378865427057,0.6190030285532817,4.530784277607129,1.440334481690849,4.766752375721566,1.8581643374124923,8.417734561119373,6.496551611464289,1.1718653880049712,0.9440419732175287,1.2217942179793013,3.298496721952276,0.5970267725093235,1.887067242500355,3.9522259047978427,0.6874030212672811,1.0227744815232875,0.9441286046962878,2.670833207404669
arc_pair_593564,1.307088874381156,0.7831131161170775,4.419839543614213,0.8709631362950572,0.6882261985755949,1.558803634327647,0.8797724169918179,0.7595258371169693,2.8362183080550127,2.5582602699585437,2.4130545659741047,1.246385533372149,3.638492408811635,1.0366306928553382,1.4630301127564878,0.9161097800156344,0.6635121403792577,3.57440357841557,3.3181463467591303,4.452121743496319,2.1769658975561743,1.2425950968870612,4.953607855449893,0.9370873200905429,1.0354127998334655,2.764989981401725,0.8181926220143199,1.0403673216471647,2.7912323779074875,0.800235124609499,0.852003343601963,1.4583028925028998,1.475159599310596,0.6620143633289393,0.7752888596079398,0.8517975341814072,0.9234135097449465,1.6235684871726561,3.400495587830275e-16,1.4719666705192895,0.7409170919562615,1.0348796435245946,1.26372733791072,1.1079015727399986,0.7871987017654742,1.8695188281244848,1.4115594608305362,0.9979800720843279,1.4050173792497926,0.9530606858768057,0.901592203897236,0.9951688544477966,0.9783836341049519,0.8064984264140473,1.1026354967012173,0.7475044398220854,1.2403614505691258,1.3167044114130224,0.9702228444156349,0.5653102788381897,2.5188115223461587,0.9312379616597657,0.9899810633604047,4.670400712265138,1.1032331914686704,0.8720085921747289,0.7618418122575152,1.994613311046774,2.851366234826506,3.047466719766525,0.9735299680057548,0.716421321019952,24.204292048236102,0.9914471365278871,2.689268490578176,0.9246422457213967,1.2551719826059535,0.8420054408328452,0.9393834540068513,1.0883248420026552,1.3291720280964938,1.2742736215642965,1.4963565253791105,1.160562284122527,0.9734544704910889,3.1901753031136235,0.783480269066263,1.4034070436309445,1.9715806135804086,0.7327424945053558,0.6882919194282647,2.3579958443432076,0.9506974573852025,1.8493797470929616,1.1487907162664,1.8826668547341647,3.0160807360066526,3.1536655197786287,1.3004194046607138,0.8792200049575989,0.9788761100363097,4.264968190540974,1.010330010450909,1.3636321549426282,0.9973162944112971,1.1659876469959112,2.0947563578071375,1.0218182698264844,1.156366482361535,0.7041092984841119,1.0826552962434812,1.541899628473701,0.9776934081595174,1.5929320687510116,0.8688969393681132,1.9331710659545775,1.0385518472886095,1.5805284894236176,1.3421728673796736,1.7459413340379017,0.700646235713605,1.0455913098357101,6.938158281373493,2.093382681954566,0.9662961905899001,0.7897381419000173,3.1703494926970524,1.1643948514369513,1.4933623509660017,3.297896125276371,3.496287461020873,0.8498309416104775,2.120383453715501,2.7150741155815195,1.1637719703101208,0.7844581927757164,4.008378287220104,1.4667230976733499,3.9015178016128917,1.5333168943830724,7.447614131638448,5.818609002044323,1.2112002735176386,0.8858971749450548,0.9651864854813457,2.9625064962753855,0.7718876900254978,1.730676510274752,3.3567983692080725,0.8079424728726512,0.9568723458956694,1.1618539179400904,2.6222688909707794
arc_pair_511862,0.8561070427708731,0.6915385850954154,4.764898887922515,0.5431742617151698,0.3898132766617658,1.1695845482434564,0.848325777754938,0.7461331791170623,2.80111241704998,2.809704306344207,2.2217228488124334,0.9331713017735545,3.636207024073823,0.6791762474773538,1.1496661877993302,0.5418931230251853,0.47412869544439384,3.4536153401783807,3.500282757065202,4.959392543608662,2.237856906925071,0.9536503067175504,5.171677512670022,0.5494571349594702,0.7929325867739537,3.0064860596957725,0.7433873435609429,0.5917814845053526,3.0938529366440926,0.6955665073191784,0.6374858080097116,1.5695567780272133,1.0425304732550917,0.4358756728036718,0.36739239823792236,0.6633250996339044,0.8282804745795392,1.3984476133489405,0.7871987017654742,1.0107133682449083,0.75955638973772,0.7229226351692083,1.0206726553729972,0.880844655722107,1.6445874807755122e-16,2.041038477320575,1.6060699349628194,0.8085716079158274,1.6741575517695926,0.5517467881876973,0.4970175623331845,0.9989208159540262,0.8668966852107959,0.4666991049746392,0.6538555753695985,0.4418464792574699,0.8541958934332208,1.1944803984904744,1.0124495566220681,0.48532234216117276,2.930736158688512,0.4924812187005737,0.6995070763192908,4.883548985695212,1.07820312419999,0.8688698350060382,0.33578588122776515,1.853052583645981,3.043496614361432,3.1670239306432597,0.9007469483045577,0.4735455723093599,24.518922556839588,0.6044035077017615,2.7054376454425,0.7134412786526766,1.490680219824967,0.6919741398592942,0.9181206760070748,0.8597862328571995,1.1441206591447473,1.0417402770114441,1.1846288603732877,1.1321740008893384,0.8628079352349018,3.5980049176942783,0.42296393528675474,1.4278890209456454,2.1241130129737127,0.4520463200841984,0.496021534027671,2.7131481195622618,0.6376467149307335,1.6663214943796643,0.7908257045629221,2.0844288616890188,3.268961093920761,3.22942116743182,1.3748595263268406,0.884975140093252,0.7756643764835212,4.665645857644792,0.8728661154735606,1.1360712410584883,0.4522746350511827,0.7613778827415142,1.9420993574098548,0.655034887138664,1.2180161569129748,0.53658586619533,0.5386395145116477,1.2833192520619705,0.6096748712587641,1.6700483171318032,0.5191614890559355,2.0554731791671697,0.49357260075013465,1.1446957112978542,1.3640139350891771,1.661412618027363,0.4552554435119419,1.0697732764211993,7.406417146907454,2.039692371818015,0.6945147747257534,0.7384642129942712,3.45062460453029,0.7916200216997569,1.521705765348737,3.7386769222055283,3.7166893616896552,0.734405133958173,2.212698488401478,2.85950052402532,0.8898552810229786,0.3417670172311157,4.086676718984358,1.1792812733271425,4.397994649605694,1.5650710655765177,8.063222282204366,6.270658818702232,0.9389031518357297,0.5678642657518164,1.173591944121008,2.917566128347465,0.43525684247455965,1.4984740790665452,3.4780531444051657,0.46147325848723686,0.8079180725435812,0.8214348125143959,2.3704441741671416
arc_pair_90669,0.8252772273240654,0.8851268643714973,4.68216097124881,0.6220279553542425,0.42915832279094646,1.2323013139757508,0.8569461374030563,0.7581415817868261,2.926685984879336,2.8136058030809803,2.0664850250354285,1.0633221666085846,3.5527972466726743,0.6614258312293577,1.1527264202960184,0.6783457153094139,0.4815351178414752,3.756758140523001,3.321956973568005,4.848219666593842,2.391268841953179,1.1433487982417572,5.2602756336509024,0.5888942874358281,1.0309190232469383,2.770740988833926,0.6340227604059406,0.5773849387418613,3.1686794808006615,0.839129210439027,0.8065623703060825,1.6168488899129418,1.0982680331190704,0.607139016900089,0.48346246518263963,0.7716420629378393,0.9569601526934342,1.503747493526083,0.901592203897236,1.2581320664097801,0.8277178696251126,0.6984565518097514,1.1912924697434386,0.9450220051117272,0.4970175623331845,2.027357788845735,1.5614948550790708,1.0670542950321305,1.7414391718853792,0.5927048471965137,1.5899528880134575e-16,1.2271415274484372,1.0632531737649944,0.6782808528526725,0.7527097116371311,0.4275736312581156,0.8847430584300066,1.351134377666678,1.1268054135624628,0.5909500436330952,3.1130414124212384,0.6416021200534703,0.8070485224508186,4.903609057115201,1.241884716145627,0.6757207004301095,0.41847921143204997,2.081179876338391,3.1684807720870145,3.0637258359784356,1.005961376828361,0.5836667553258028,24.583470845052993,0.8113068644148944,2.735685702746258,0.7772344106618896,1.428507503060002,0.8903790567393608,0.9346730716104535,1.0007762342528645,1.071982173892013,1.1401481868982137,1.235893827410707,1.3327074833723163,0.7691244989624698,3.50118612322606,0.46790079837781784,1.5497240536352435,2.0194621996046203,0.6336068583735144,0.5944147067405756,2.5760960750030732,0.6700484392888255,1.584468357037956,0.9225460415736968,2.1638228752572117,3.584272531533984,3.287251910301976,1.2864152369599144,1.2061864770574866,0.7243067137895183,4.832562124499376,1.1012008032933358,1.1304579372379076,0.5212518830391465,1.0853782871487538,1.7449105461163033,0.7288261746775723,1.1893053443237311,0.6635887319193996,0.5301800679181563,1.478116126612056,0.6575424300338324,1.5994530211438212,0.7826026030738013,2.143085122787097,0.4469430191169744,1.2433120529482393,1.4647867173879363,1.7362061568662805,0.5362324683694804,1.0106787220755573,7.57823256993616,1.9029121450636928,0.9607776317341667,0.8553080524360062,3.578995844799635,1.024576207591884,1.53560359280354,3.628043108835195,3.781559656546249,0.7516470074094144,2.2949800497128647,3.0377718987436486,0.9573936487256346,0.38795146407273184,4.158345985637155,1.4064123574652394,4.425686086000765,1.619130447974862,8.14379490783174,6.394929819947812,0.8631118650054967,0.7043851877085606,1.5566236347983007,2.8333500530734703,0.5371013761695728,1.4771296160785292,3.6929629022568133,0.7099444572713332,0.787783756723774,1.1606188292309272,2.4960158973490554
arc_pair_257072,0.8728227700360227,0.779677246329134,4.918781727428533,0.6456902569511904,0.5245583253172325,1.3167516041881102,0.6985472829468712,0.784695726886397,3.1178916181124245,3.018491285529368,2.2714336426029913,1.0348390616993424,3.880578360390274,0.657387536119039,1.2208105490700094,0.538474778180611,0.4991748360409677,3.5945627860717377,3.6538111482912146,5.096437374420569,2.448750835209443,1.1047302581727656,5.424299019433811,0.48262647679268034,0.887140960314247,3.200710228149544,0.8551009294948471,0.6798329131497157,3.307318975944754,0.7425246696016876,0.5847536906315425,1.6066197982590809,1.0462453342948612,0.41837464363755783,0.56740817392536,0.7576873070434557,0.763853023145465,1.4295492201170785,0.8064984264140473,1.1399012267686879,0.6482201462820398,0.8643848284615474,1.1944950916538055,1.0297916363618282,0.4666991049746392,2.1673471271578757,1.6402656485480058,0.7214531485473445,1.8414681299281837,0.5207875738766542,0.6782808528526725,1.209430141598186,0.8180884928925076,2.0445171105442786e-16,0.7983319172148989,0.47621813343441155,0.8356015204019325,1.3032735609498332,1.2019504209584306,0.47475046918248665,3.257910205193181,0.477182975395149,0.7221787676873344,5.06984952878602,1.2964409890738897,0.8912918621693466,0.5007775949975971,2.1489655802482677,3.445009890569284,3.2235845897676367,0.9596571111197639,0.4263499490660789,24.812988767221263,0.560221628142048,2.778328025572447,0.6393824011819592,1.5687535378916457,0.5877449091906171,1.0750619148879959,0.8308489642719197,1.2104459909929046,1.103743790362705,1.2873808425211437,1.197646448712242,0.6960719936787059,3.8923843905029374,0.468138308640758,1.6465357870656723,2.2201995942654094,0.4487418380354206,0.4787543254483225,2.804632023086732,0.7566201799542899,1.6370846449254515,0.9181541154494567,2.3325944144801,3.7381236015545136,3.654874233436864,1.3073819404735236,0.9789908193715448,0.8483236614261033,4.967234756806373,1.072304541614303,1.1423289093452664,0.6417817100570946,0.8900264774243511,2.190660363586727,0.7599436641998024,1.3822018398066582,0.4001479038512454,0.5664458754434818,1.3630782282099843,0.7696857890837185,1.9283365745420498,0.7628455615578511,2.401350650536658,0.6144155917701803,1.3957612602039644,1.3599234401717473,1.7961707111169762,0.4674479281281405,0.9262568642942207,7.858439255065376,2.1577680255098897,0.7463297738931471,0.6369805524596696,3.689613814087225,0.8097982050536217,1.7849115855488433,3.922173867847953,3.9617821316591595,0.8103567753423238,2.310814818502086,3.1315450397572366,1.0000601118106833,0.4689025447647476,4.5176839912578854,1.2212605988668614,4.602420324004915,1.79165592528556,8.340590173886858,6.5125316562179405,1.0780997783049138,0.5027090218812601,1.206036387805272,3.1440099122874154,0.4613825110725417,1.4410680807087124,3.8005233571487484,0.5944120842843716,0.7837633938954651,0.8255111760406606,2.419521080024685
arc_pair_649403,1.0728413489309216,0.858919460203996,4.855108188959731,0.6365292977035273,0.47557047471847635,1.2699430075918163,0.9460117698603712,0.8034743013694138,3.117419808303355,3.0374139793609096,2.2737608241605614,0.9836874842569674,3.8378182475366494,0.807186830515751,1.0529332607815043,0.5903359027738678,0.6651983841950105,3.4963411725902933,3.683624210238477,5.075879552295452,2.5004349672638475,1.004665465164261,5.46906471326172,0.5207145529603081,0.8621644735817077,3.2206674267463717,0.7909702583631466,0.698270850691197,3.2586006490946424,0.7157217935295708,0.7797058666021041,1.3480821853025893,1.2066443093759678,0.5106867900742771,0.4480454391769977,0.5935727806328601,0.911527818965044,1.421574664938206,0.9312379616597657,0.9844987485137134,0.8099731439637037,0.7185806278807714,1.1508475516596899,1.1311571266569358,0.4924812187005736,2.192552424223104,1.5266344860736332,0.6793161713098426,1.8019801035681446,0.6958280696599909,0.6416021200534703,1.1575906239040306,0.8901869141859244,0.4771829753951489,0.91846787874003,0.5189562304302339,0.7365576094763022,1.2821746247348635,1.1106203217186972,0.5846186273296425,3.1921637004556573,2.252435474163301e-16,0.6488614384226645,5.062566953193352,1.1508014904405122,0.9781206353545632,0.5105921527084779,2.1053676443220155,3.3454619748259233,3.3041596755767846,0.8404497426115538,0.4394566502503764,24.854916190969725,0.5771735993667139,2.7444161624630365,0.8070049169468729,1.7093887097019724,0.6984510322123985,0.8802034353701649,0.8558231993226508,1.0745362663624987,1.1650409553128056,1.1132126477916244,1.10199356724554,0.7590752635635984,3.7223030804513026,0.5428174799975667,1.6039323632070897,2.084291529259584,0.5614323437773521,0.6543377521517464,2.4852252506352492,0.6422258839135838,1.6600161932522373,0.9111023808155525,2.186890463526392,3.632769116838027,3.561998857967486,1.3338872252833203,0.87978111938406,0.8518269618492031,4.730223925154753,0.8725061739756584,1.1443769913655397,0.6660647422363146,0.8812152175718395,2.254446671475139,0.787234909806187,1.1713251218717406,0.611845328579731,0.6918819210380169,1.2752668394649675,0.7084646301076399,1.699808431777636,0.6302976794688702,2.343104019261875,0.7316119725261274,1.2266688104877947,1.1234662495044183,1.5353457502768586,0.5740425868458977,1.1201838007476215,7.73419843103804,2.101795633863529,0.7711837985094486,0.6185484840145568,3.633379504479182,1.018919911651781,1.7476711318992235,3.873607222520122,4.057745612741517,0.8461050196271164,2.1546161862796107,3.029934119203565,1.0619256719116121,0.3584560065054908,4.345998240202536,1.0544418940149018,4.556163532535567,1.5528318160171009,8.332278651170821,6.474995330461988,0.9589218894964466,0.5216056298411338,1.2428038604842078,3.0805351184797587,0.5694147173996692,1.2348000309662686,3.5291478416011084,0.6020874786173613,0.8299009709336519,0.8070262040368598,2.277905590753563
arc_pair_64470,0.8235158037798305,0.7305914827227573,4.6439502702332724,0.6640874995556876,0.4060814591268164,1.2299276895878795,0.8662988229827138,0.6869753834410082,2.963847801301873,2.884518320081207,2.165754816674741,0.8992325735061999,3.7080070045878504,0.5498783667013424,1.2134838007960278,0.6592987125205876,0.5089212289688814,3.4656896012156158,3.5515702199099497,5.090758055494743,2.5221312582027706,1.1043607154179746,5.188594573246024,0.47409246629500224,0.898592691348985,3.1857029950958644,0.6501981963611271,0.7116354923289001,3.2851307089631696,0.7444845433862668,0.6353281200327643,1.4474564321713972,1.081197697752974,0.43838800453568405,0.45231800205487876,0.7102200846124813,0.8011977649952128,1.429722051581297,0.7164213210199518,1.000099193888982,0.5702603809823612,0.6843122882633556,1.1405980665143582,0.9483135144224839,0.4735455723093599,2.0325138106046943,1.5088121589755246,0.6327279239597239,1.6959111681921644,0.5780413165450797,0.5836667553258028,1.0622031103554144,0.6491483823288793,0.4263499490660789,0.8280070459797708,0.31709628955166,0.8288278125559794,1.126163472664461,1.132631237571146,0.27272792334056917,2.9404711791354066,0.4394566502503764,0.6162353817640362,4.950940544338968,1.2288135662003237,0.7076960675170554,0.4684412086205446,2.0544607492150937,3.344235983123068,3.145474917871789,0.7563910780849291,1.64077983510777e-16,24.606322753711613,0.38937820485774643,2.72689293386175,0.7174132445069424,1.6032636281937835,0.46446313182225896,0.6652979124343942,0.8261092437483127,1.0723082961420167,0.9002838656516513,1.2652565781534455,1.1352818124642778,0.621454060358875,3.672489048869896,0.4566231308095968,1.4044160687368459,2.037845585002927,0.45257932570691134,0.5663252096434853,2.6176272970271786,0.6395912689882899,1.5972700381830556,0.8264569464267716,2.1690706930242807,3.488917703219326,3.4087377786499746,1.2976848055386894,0.9368841055780893,0.7937290885153232,4.832315513660275,0.9369534828260302,0.9856577166623657,0.641610569968335,0.8013363190234071,2.1184712180576866,0.6954351092629117,1.324032990918361,0.4393957805433025,0.503303399542631,1.0723515449509549,0.6686748651762058,1.8778407381905817,0.6289795998103054,2.199774189278408,0.6188600715709286,1.1119906299941562,1.3811143147320384,1.8454289216295718,0.5011520585826442,0.892307484365394,7.550561964223252,1.984466437816126,0.8322375794552853,0.7097928333458657,3.720597888871855,0.8512312789310292,1.6411525628093417,3.7870444807999055,3.8906319819188293,0.6134454074002578,2.0822427502099194,3.1555637183772154,1.00740078168398,0.444817871713152,4.4388733466361305,1.1137636451113226,4.458813910922737,1.504208131743506,8.102441758476424,6.351276192412463,0.8073749862204271,0.6087330923328003,1.1721159766810014,3.0536176199175795,0.4073068797052001,1.4183672954980926,3.555815550724216,0.5846896904461887,0.7564294284041331,0.7165491036055711,2.2630945664219273
arc_pair_726873,1.0051585026808139,1.0274273829507772,5.020188637597894,0.8239042988640624,0.6912851497430976,1.339184734005145,1.0403385931991522,0.7661646365211544,3.286752331828482,3.3022073579576947,2.55372468584918,1.2742510061396635,3.984277846441409,0.7710266830410475,1.5457924637374758,0.7416110094868494,0.5934777507311506,3.7603627507379667,3.973453916436781,5.412400231008682,2.9158055416135022,1.4072081014818676,5.5769799521922545,0.6406455832267974,1.091659616454308,3.5607586568796155,0.9135638647687765,0.9206156504342087,3.715383752656378,0.9440466018460152,0.7278535125461254,1.7367506239715076,1.1344183070585596,0.5716707928207615,0.6887259179698282,0.7502555677566335,1.033223413481328,1.7465428085265384,0.991447136527887,1.2845726784042677,0.8434468246351259,1.0098471078373024,1.325381157456769,1.1863989977874674,0.6044035077017615,2.34552413700309,1.8112467953924252,0.8275948115926962,2.1230042797507562,0.7181787940939401,0.8113068644148944,1.4251629322072539,0.84730268104409,0.560221628142048,1.0097418863760514,0.5443958966848608,1.0608794428532051,1.318527090897725,1.461433312483874,0.5347546389156042,3.2283756889678985,0.5771735993667139,0.9500136361920084,5.416696541305222,1.513466540340497,0.9878035985585599,0.5103193293211294,2.190574974145836,3.788926664812429,3.5209391132659658,1.0023301008634384,0.38937820485774643,24.803725464481573,1.9648185762059004e-16,3.075753082144485,0.8936705571539445,1.8688484505055292,0.6851102608500959,1.118386913328846,1.104935889991674,1.2289235177114433,1.0908910718306577,1.4981988970742526,1.4022173559236486,0.9622348918053072,4.037157360028076,0.5085201005339106,1.7259873751973354,2.3147143188982424,0.6409645892514778,0.6844112621712113,3.0939141776905736,0.7310861306793495,1.820163174234262,0.9599964513794279,2.5551542898723607,3.9660300048900643,3.8872580534039445,1.6673806673026597,1.1482570509746637,1.0284737941415925,5.196839783639794,1.1159579525378485,1.29173021498844,0.8668814406240186,0.9542879639472792,2.3321101136940765,0.9795353079761904,1.547562823422031,0.6662262348611913,0.6748858050328382,1.2729544403422666,0.9407094943828473,2.156911990862865,0.8575678397694646,2.5834992099971177,0.862322610691715,1.201734766581376,1.5957198796016463,2.110468893686054,0.6373840784000333,1.0607755338582656,8.076736064528202,2.240401067744106,0.9091801307975058,0.9009623040646058,4.06114070830009,0.9766641999927966,2.0035765914564734,4.176889572690982,4.287370333833331,0.8721069531262888,2.3536522764753585,3.4552562293697067,1.2583711690636248,0.6832682022622363,4.765647341283285,1.5338264447542134,4.9552497355708605,1.728116501015176,8.54293078294847,6.6650562409121585,1.0846533474922244,0.8506960334704082,1.4329163828158173,3.3426571462811787,0.5612537769248183,1.8100031283056954,3.7766633062707355,0.711374790985849,1.0007747775700202,0.8482780984848273,2.618571914114941
arc_pair_365022,0.7838451786996996,0.8179322148567953,4.923260977421166,0.5998971579758907,0.5044607181156833,1.2280533054142635,0.5830842696398755,0.8207659832237586,2.990260603672557,2.9556608984789094,2.322563482908859,1.26419292784931,3.7129371670670124,0.7157248106359888,1.3509946262089194,0.5201832800471338,0.39116341683555855,3.8464672852657595,3.609252535802961,5.104688384721589,2.5386187198131145,1.2549126809339912,5.572755301497121,0.5982824831299904,0.9337863369546825,3.0275400025632453,0.7764656347719444,0.6631770449063641,3.215650853478911,0.7662241859317762,0.613618379163669,1.642299511427491,1.1744141162160722,0.4903428477858389,0.582865508959157,0.8391227184639718,0.8431696728362656,1.449916745189737,0.6882919194282647,1.3272500397117595,0.7126304751960761,0.8659680784225052,1.1954076229057455,0.8419258563471179,0.496021534027671,2.2770449036771727,1.6111777769742972,0.9894395027423104,1.7702428280164169,0.4653716982392733,0.5944147067405756,1.2275621762284352,0.9223118347252729,0.4787543254483225,0.6771199527035872,0.48228266673344855,1.1131246948126527,1.3352882712655723,1.1393833934512243,0.5038884155580379,3.307849133309268,0.6543377521517464,0.8336501209481464,5.089828356455416,1.2163054589697533,0.7791523149536501,0.4330063348311355,1.9644785643284195,3.446958589741577,3.1438654062392075,1.019575937444,0.5663252096434854,24.872399992820373,0.6844112621712113,2.903319765953397,0.7404484444219652,1.522285415851683,0.6645010378886915,1.0506451656156828,1.0325535470016967,1.1187912812207748,1.0217955303044397,1.3703804004490405,1.4467127259791834,0.6776374245504588,3.797150272350134,0.47936253490734815,1.5451392115012401,2.1985661982020215,0.48398275858063855,1.3671027458944169e-16,2.9640338966741595,0.8491549070397592,1.5281042383409587,0.9804620250910621,2.275347072354153,3.802738144230005,3.439919146100639,1.3036570989822909,1.1032989785812013,0.6849504124078881,4.952408184474272,1.1065097010836253,1.2072653625892014,0.6536153965839024,0.9700679860872826,1.968044962172537,0.7391169778145223,1.3171678893586105,0.5031765236967431,0.6114718856084802,1.4543310154933649,0.6653823244168311,1.759211207662986,0.8225675404267503,2.3516319080779327,0.5982040815791423,1.410333382883892,1.4610427257180183,2.014171664818461,0.38832473337592843,0.87280172642433,7.87498262522698,1.9566526276474074,0.8079679216865066,0.6482183242295017,3.7105076503129655,0.9939838837925095,1.6496822074137567,3.795259562740887,4.149067015464261,0.6437836462700324,2.3835200094009457,3.0972496150263966,0.9578756752681755,0.4681436899036705,4.334379608909704,1.5133217293537118,4.611260665355939,1.5153841456519828,8.274582734632633,6.5123590834046885,1.0452427013792502,0.6804000636972044,1.330449347035791,3.1043940322569945,0.4803540004740692,1.7201302448083442,3.913072218056866,0.6895989090556958,0.736206986775742,1.1571969123529244,2.662282885233221
arc_pair_621082,5.5518173309071654,4.314512144028113,4.79427023745102,4.519150866476492,4.626066627890765,5.285785675156299,4.470970238821195,4.204590585929962,4.05389402793653,4.463643186192867,4.76676967964291,4.534860062349873,5.121214858549106,5.346281411933715,4.5667931094184615,4.818100417288367,5.114774236523798,4.598301967664286,3.7834917734981746,3.758112237898705,3.647008880800551,4.021036910432096,4.136526837942445,5.1349113887342215,4.470087031278481,3.6215019364443677,4.446352934213195,4.625961714995032,3.86074748833086,4.629333069669654,4.979152450128803,4.220380089394113,5.885746164439041,4.879823865032804,4.512649382081699,4.536809038533985,4.451119801349314,4.258561643336199,4.264968190540974,4.411180244987956,4.925482900072992,4.528359051569894,4.964376943353468,5.047125619651796,4.665645857644792,4.084054582141709,4.51816621330656,4.520204626310667,3.376287178806347,5.0400108764483456,4.832562124499376,3.4698982577948616,4.913559916038573,4.967234756806373,5.0107914977726224,5.201937640902259,4.48167353328638,4.366843395069216,4.0127010030675265,4.830643568270731,3.1845864275544793,4.730223925154754,4.254267132219757,5.595574435067343,3.4714948798042315,5.0419551752396625,4.98538469009376,4.9045677618738885,3.1547199702453037,4.42371885116289,3.587190810332218,4.832315513660276,21.411419567503884,5.196839783639794,4.427362950939114,4.673503077058208,4.119409803703816,5.089720481095285,3.605579408679494,4.70667505116476,4.225407287452646,5.073347732385209,4.303795650189871,4.149946188024925,5.103339917177807,3.7549299682625916,5.014383969849262,4.264198237104161,3.2938984912353577,4.678396636676813,4.9524081844742724,4.042093279758855,4.614289688993687,4.775845588182582,4.955750911389408,3.7223982364034547,2.9937798357018623,4.527337905792876,4.223184744200834,3.8090850491858297,4.8880482766320394,1.7317170696661714e-15,4.117406875952945,4.944113285145477,4.864186535233669,4.846414866502209,4.821230590368877,4.845513707602533,3.8822690792204972,4.680384286145324,4.968482962964764,4.733842049711281,4.5893412776312,3.5611102259365737,4.457266823418461,3.3020924660658637,4.52150822598299,4.330887802366824,3.938100049380032,3.933340958617152,4.814267172350549,5.352756727585856,5.106252125857207,4.569335545868326,4.790865247012087,4.508330310924559,3.968071823020788,4.762619554910135,4.347026571587071,4.916881422322746,3.4973740415208034,4.8200527439089615,3.0661722311272737,2.8232456043762872,4.724413476530958,4.508736812089513,4.793700628012842,4.098725349617712,4.076876460106331,3.998036358762122,6.816168902302751,6.378846565606085,4.548589734547903,4.331766259243574,3.9910727509965227,4.835091678986597,5.117585172652146,4.182573933518871,3.262138372443749,4.531056469599796,4.794350780886323,4.7375992391319945,5.163208323795564
arc_pair_523521,1.0610207592749652,0.8808925844466042,4.795046987324591,0.7044493767324673,0.5618896879507,1.4019565438196122,1.0642695327243534,0.9146463472512198,3.092330531735533,2.8611008195525587,2.4203712661359416,1.1077431225247416,3.784632474277607,0.8786259425629674,1.3035365996254293,0.7143935876143215,0.7225193672429862,3.7666160260440282,3.644867496430953,4.870345105212984,2.319467672428418,1.1540760487238368,5.416856465200576,0.6729768252750237,1.0878557200597194,3.1086887720382226,0.8553037303239479,0.7346585428441468,3.1819526894435106,0.9012216447090349,0.8217101431451552,1.7077326909073363,1.4412252039620304,0.7392200685074553,0.5119877184377108,0.9253036328495537,1.0875076338557297,1.6445386301415623,0.9776934081595174,1.1940018723826409,0.8364146861355457,0.783682661121608,1.3822704158486976,1.0843244878524478,0.6096748712587641,2.266310542210338,1.7067667800385924,1.1144819198188216,1.576177565696147,0.7377146187933408,0.6575424300338324,1.3939651507721533,1.1883693615589017,0.7696857890837185,0.8076461882313467,0.5318471002374937,1.0874989707813036,1.392593220528284,1.072080454222773,0.7316833209034144,2.996011492157333,0.70846463010764,0.9586067235726351,4.775179928624679,1.317630151966363,0.9707788179928625,0.6407414027310641,2.2632303053968323,3.244072104198315,3.1621422671721855,1.1997136722539827,0.6686748651762058,24.893307586650725,0.9407094943828473,2.8428293256754387,0.9312068358016838,1.6439206618069973,1.0082304734605354,0.9489414376323119,1.0400783730498848,1.3504072654204307,1.2879656735920046,1.4649982127782144,1.3757437718748422,0.9116266355869469,3.604139140061959,0.6792538377922539,1.6185489954525685,2.0872160442075005,0.6298822559286525,0.6653823244168312,2.55786469849589,0.8570173876732344,1.7939092189322243,0.9875539790517456,2.1256785186898455,3.5095889551709916,3.3367641738824445,1.361309959719876,1.0928283128961926,0.8748269399557633,4.5893412776312,1.175484531963796,1.22080629463432,0.7182208219046271,1.0501405424531849,2.0538200050825206,0.7678366130257968,1.313804064193421,0.8285678284870612,0.8409447681943125,1.423139142818268,2.9619231631348463e-16,1.7272548347201222,0.7605634234718539,2.1962709677132883,0.6757343241051283,1.366676655115803,1.5230038702298163,1.7977207154344421,0.5875443348539656,1.2639368121702819,7.534189643510337,2.0782518063601803,0.925431424310626,0.8065716296992225,3.689811248952804,1.1506747870602911,1.7151675222709355,3.7894609224633857,3.7531258082741106,0.842535127153709,2.427192713266332,3.2094999584128105,1.0817482917980215,0.45631175484727804,4.230438596753645,1.3580593653196862,4.417802281276924,1.7238659425636378,8.085418532735673,6.394017569304238,1.119008536366457,0.7403210722375866,1.3647462340041183,3.120070909397237,0.690514508189501,1.5832225207675044,3.5958503762731033,0.7403117950390501,0.9357038661344885,1.190357823511468,2.534950619403152
arc_pair_594335,0.853951687367644,0.6406412922365485,4.782944258835834,0.4871169370787677,0.31589183350183037,1.3168520727765083,0.7093473473421257,0.716455726790181,3.0194178420753857,2.913475173874436,2.2337643723788165,0.894279173533256,3.646623861096253,0.6779266879618961,1.08682950650138,0.23610266195409127,0.4047885891240097,3.7136536340192725,3.406746385197285,4.91304114031033,2.24706746889566,1.0655612350124175,5.549396618601568,0.3380031297523019,0.802092982153613,2.8889556320118532,0.5010583975603586,0.5644252650550967,3.0722674785186723,0.5422236218410116,0.5532905023808539,1.4126756323603367,1.122910421817382,0.3274001994237194,0.475546518064213,0.5763003014161374,0.8262172589808954,1.430181374160216,0.700646235713605,1.084728819138092,0.48909632719514656,0.6707346659045498,1.0393757997059916,0.8113421219631658,0.4552554435119419,2.028641081310473,1.3287505808188194,0.7483124429731272,1.5721312296944157,0.4773903341659014,0.5362324683694804,1.2020515115899193,0.9481500645261793,0.4674479281281405,0.6645978777841389,0.3968190695626106,0.9272962804078272,1.2237475649661553,0.8793782580631644,0.3635713616088674,3.033090179884219,0.5740425868458976,0.7876431530948453,4.938575626892678,1.190944088396937,0.6061980009975315,0.3512098387571631,1.9165027708307218,3.349642816379897,3.1595378875827778,0.9648983272364405,0.5011520585826442,24.876020688410293,0.6373840784000333,2.7676839453498103,0.685446740053794,1.2487399746765835,0.4846837877921256,0.8656476479921712,0.8030687011514928,1.1933930408799334,1.1022441644550316,1.2912526402279854,0.9523293492743864,0.6315710643251923,3.6116216980277196,0.2988088617187132,1.419171433802743,1.9885519206398754,0.46350109160489916,0.38832473337592843,2.597983409331328,0.6066283793170751,1.6169549720216518,0.7222283652835759,2.0702371285707786,3.4888674242692086,3.4662337255188223,1.2595661400665201,0.7581853572203762,0.5591908644561452,4.814267172350549,0.8732719066430616,1.1821192642778398,0.5533027040953563,0.7352237832837227,2.046624238510386,0.6692667548190874,1.0602860767635542,0.519409833288409,0.6165380591800085,1.4228535858422793,0.5875443348539656,1.6049077435088097,0.6155583666037964,2.1659730988651855,0.5814328118331102,1.431756968155581,1.2488523682641122,1.6633353242024465,1.864660765479241e-16,0.7672686841819558,7.633451987347271,1.87612002264233,0.5491441493237813,0.5303576892264595,3.558732028699541,0.77441766461314,1.6270246068458327,3.69058175176151,3.826920752866624,0.5169635359182292,2.3690622212942083,2.992285320574906,0.7898987069476486,0.37297686559523113,4.200221534517724,1.338238543523597,4.402751703078254,1.6667192985051686,8.173653573587286,6.3862320304481415,1.0341820795061438,0.5596594127509511,0.9518017624736486,3.023660833669687,0.5029586939104942,1.5589137208932125,3.668585061372525,0.45143023833087503,0.5248649304362856,0.99525289897029,2.2704931243420083
arc_pair_641885,1.2315595174463057,0.9535656937206296,4.972246718657613,0.7313586107039072,0.6447034692536192,1.5335706789864414,1.115801522797762,1.0151845854955617,3.2557996417387884,3.029554917197812,2.504825692512171,1.2280351139746393,3.991478113285911,0.9825247656722604,1.4236880927137259,0.516941588160787,0.7542660979759408,3.8204398651628932,3.6641515155282685,4.966316161153124,2.590378821174001,1.3965034013042985,5.509314218115945,0.6872938508994233,1.0181913930428965,3.1746875319355072,0.9007360157089699,0.7590743904961184,3.3642270955254565,0.9761078959930679,0.8349758189417944,1.556322109848848,1.2869678184061768,0.5992617878420679,0.7302196509101649,0.8494723771835507,1.0311729069094862,1.5896526142520746,0.9662961905899001,1.3407562156618962,0.8540014199614736,0.9748061203623183,1.2677654898765067,1.2630890852577554,0.6945147747257534,2.1332300152094277,1.5685522606838824,0.9776011696586917,1.9670824208298074,0.8309665939446493,0.9607776317341669,1.3511402208122578,1.1548842162880726,0.7463297738931471,0.9954753937660945,0.704156434925679,1.2352810052222831,1.3431147927937552,1.2420994096873375,0.7649234285636484,3.1288070324762387,0.7711837985094486,1.0872786491116224,5.0057091950292145,1.419029670125364,1.0517730085171668,0.6784514267696177,2.232943094460671,3.415556391051214,3.4078694769954962,1.2080324113600458,0.8322375794552854,24.858010286478855,0.9091801307975057,2.97068077379946,0.9804794059265612,1.6996604581932298,0.7587598825013713,1.1026930190933104,1.109247501270227,1.341730509943543,1.418121957335516,1.5747641801220325,1.2361513068003653,1.049838419679261,3.8244753676781373,0.6256161282562387,1.7176223529431613,2.1353671895893713,0.7562290789889907,0.8079679216865064,2.935898265010898,0.8882783223391754,2.02329017908269,1.0125208270806199,2.2829972054542558,3.5980279549925824,3.7225520807477133,1.5895604919596305,0.9976160803087806,0.8763858150461747,4.790865247012087,1.186498477834174,1.3968918484214123,0.9455759121797269,1.0503697775387006,2.3178126739675036,0.9781935906813086,1.2839044011704246,0.8136297224734383,0.9312938912115134,1.6242950921747177,0.925431424310626,1.8860637549698902,0.8231410511073209,2.206827965289631,0.8826233734851007,1.6498946563617425,1.4641568038938817,1.8698358424115644,0.5491441493237813,1.0784621229412703,7.7599597359010675,2.2566985700215643,3.0534914141666336e-16,0.8932261913676938,3.6471087477160404,0.9108381756220577,1.9754136992305669,3.9283151709350252,3.9937662019162765,0.9810147174024665,2.405784891675365,3.0431073271151226,1.0687033433831696,0.7153393439008089,4.392405415223592,1.5531973637217469,4.435445849363866,1.9651494357373562,8.065565447847309,6.378615898064533,1.2518979728089064,0.8787826979783213,1.069071336223365,3.1657780155389945,0.7877963265504253,1.8153468691716923,3.718381019692491,0.8028501167258446,0.931006786945769,1.2135979951510705,2.311255275491898
arc_pair_280409,1.3968704484775833,1.1455319577381853,5.075961710925866,0.9372662396384306,0.797537308277857,1.7228207945440661,1.2198067536518749,1.2973439690927997,3.286584055009972,3.16042044478409,2.5209303566234604,1.389182699016,3.998768153340681,1.179452608801058,1.5388008946374803,1.0115437489804882,0.8931856617312692,3.885531862811543,3.614449354969162,5.043173955987237,2.4985115972937373,1.4866938329617316,5.644132596008191,1.0265116002691839,1.2841674852878695,3.1569740766687566,0.9629986388593319,1.0063981316891302,3.3581762163730495,1.1294830211358045,0.9983378865427057,1.878633357434938,1.677990067616745,0.9444440749950616,0.8755777676636184,1.206397593138135,1.133593278256427,1.716746049980361,1.1637719703101208,1.5364318583478498,1.136062478983091,1.1446951160333907,1.5039038005500502,1.3336773735639653,0.8898552810229787,2.424914203980542,1.838321496825325,1.2375615344735178,1.992773390459329,1.0884251646366705,0.9573936487256346,1.4390638787918677,1.4229757601014246,1.000060111810683,0.7443664562978882,1.0063348604512643,1.319632086033427,1.8074669542024826,1.454888116555177,0.9082684409320081,3.227093509026651,1.0619256719116121,1.144886719391328,4.828777998230519,1.425486408481417,1.2588429493969906,0.8617026032549785,2.402716553881759,3.351428286803049,3.561500491310391,1.3300262011919075,1.00740078168398,24.93731688767261,1.2583711690636248,3.1830510342466756,1.1228822662778541,1.6310088601314348,1.0952229538506053,1.1784791783926045,1.4218512311426612,1.5469395495229552,1.6294452034201408,1.6254197934624246,1.5016274580167153,1.2755515497858034,3.8498533288122068,0.8556719051325224,1.866439082613792,2.21136588740449,1.0299056152634127,0.9578756752681755,2.9437781467871895,1.1407091731336705,2.0644276531397563,1.2866615638628764,2.374917228356648,3.4931111864244833,3.491119100526838,1.6389054776938843,1.1833623339227297,1.2821035404258785,4.724413476530958,1.3910080002686662,1.6507870623576681,1.0228579816203431,1.2906764582347927,2.3899812351951333,0.908907934012412,1.5490715203422756,1.0033739859347175,1.0981598160977246,1.8527845939551557,1.0817482917980215,2.10990195581381,1.0821660311788053,2.3513789319876786,1.0158174345873872,1.7987650111195008,1.742749685267741,2.0421542775844275,0.7898987069476485,1.2863816873464566,7.677876370558131,2.1495533423789777,1.0687033433831699,1.1114588812699606,3.8747036892215414,0.9664240826202459,1.865409360316424,3.843326057060762,3.965665084973284,1.1047396110082213,2.660702928860398,3.1023886525074915,3.4053677774469587e-16,0.8003783223746872,4.390922887507256,1.6019170101167837,4.773241255817459,1.9797696738651256,8.034016975227756,6.253797749316737,1.3319707837437567,1.1110570973031417,1.4372135449434693,3.0566079367586525,0.9871482399620062,1.8061929100821326,3.822121581890258,0.9003869434489242,1.087541168354989,1.3227041708883034,2.7054180425387147
arc_pair_388971,0.880129713718838,0.7394024914960919,4.645108028306097,0.4548968936791125,0.2620544558194318,1.1764303911066392,0.8396601584486862,0.7566033411123279,2.8177609233257037,2.7317072321628157,2.1196286113296265,0.8095583839741098,3.688657722115819,0.6925355629273555,0.835786356381329,0.4637913070605933,0.5246775479912491,3.503127579560748,3.3660997753704502,4.821883718962181,2.1319843727449204,0.8086541659474942,5.328701452522241,0.44895095877516633,0.8176335048913412,2.923822405355763,0.6176853568948815,0.4368372817419444,2.928938644104631,0.6207906447741778,0.6190030285532817,1.3104731410518908,1.1697958182569934,0.483773843217872,0.25652419002208526,0.6348185545337095,0.863608110149691,1.250759446111759,0.7844581927757164,0.8253684669938955,0.7329365073117483,0.4729124186606969,1.0296499391824439,0.8935483715598235,0.3417670172311157,2.0627958957877612,1.4398046886226947,0.7116296097051759,1.615269940695865,0.5118874699161067,0.3879514640727318,1.0821657902360053,1.0112200551417132,0.4689025447647476,0.6350535455418157,0.4449963048511469,0.6225695641778661,1.2408936361958223,0.7741123132570518,0.5173636411550473,2.891273402249196,0.3584560065054907,0.617025970156946,4.7429797574804,1.072422975471188,0.8265753419833892,0.3708290936309977,2.0199029115946048,3.096455695164782,2.9518578333499383,0.9082230196425464,0.444817871713152,24.748058887866346,0.6832682022622363,2.693057584486752,0.7297340237360392,1.3765081264954988,0.7251296950728969,0.6944564107645438,0.7932684526301529,1.0987158198284304,1.1223359713323613,1.0276181908815571,1.0298768497267716,0.6861465769663071,3.513836243248214,0.4256415749336676,1.519970829604212,1.8187629048261584,0.4661754267467956,0.4681436899036706,2.2453096915659283,0.541511073584443,1.5269867383967164,0.8795916116031226,1.8473775670014165,3.3861313918104727,3.235208791599144,1.2008789511699378,0.7955463126587783,0.658018855169747,4.508736812089513,0.8765871029791293,1.0515548695733603,0.38826567515450583,0.8273775190633319,1.899590195351781,0.49896650041784724,1.064449899139718,0.6117524297280114,0.5896324326717072,1.3190907886590701,0.45631175484727804,1.5041238929029839,0.4408768445770751,2.084940026296244,0.4544348583653339,1.0310113718240832,1.1871342566410332,1.3776221506263764,0.37297686559523113,1.078831515845021,7.426173229762257,1.8505617811154105,0.7153393439008089,0.5694929235968156,3.508772236525637,0.8484847679973492,1.4861277090653635,3.6286013661488368,3.6574048493960314,0.6515386729944936,2.1457135873109654,2.7663209789409304,0.8003783223746872,2.1599458339401964e-16,4.040110062222228,0.9362199616622671,4.38140384557338,1.4646225523415075,8.056972992785337,6.247097504298841,0.9363472743539341,0.5184602546832013,1.1592821844054175,2.913897363231747,0.45487815897467987,1.1647981255774469,3.395451804800251,0.5100769243344578,0.7052587863815838,0.809740734208644,2.1731514116758457
arc_pair_149569,1.1385350728611239,0.7015388842178691,4.467876206552324,0.6053037576856726,0.5483939548658123,1.3706771093455,0.8970336584908627,0.8143675257201686,2.918098023138872,2.8389891096869224,2.397653077855316,1.001913859352149,3.527616642283112,0.8605046575388313,1.3410635920209732,0.6670296815018744,0.662984025411059,3.6715003793386303,3.4162284516702144,4.732388575127882,2.048926421995357,1.2010415651931141,5.308189615749651,0.6419990764673122,0.9712859538893444,2.9525555878444485,0.6695547314836253,0.8129037904017005,2.9600612580021064,0.7124552499008627,0.687403021267281,1.7422942407033657,1.2956586394327858,0.5648947693538577,0.5821478412393958,0.5985453692613134,0.8030036009874431,1.4917044612727735,0.8079424728726512,1.1674261687354515,0.5707631363532408,0.8556665180265193,0.9919797828885062,1.0230160491527298,0.4614732584872368,2.0539336138758477,1.42214735340588,0.9253053346096257,1.432827762885508,0.7827223880126458,0.709944457271333,1.1632830352679364,0.9177906158023706,0.5944120842843716,0.9162711189006687,0.6012104816050423,1.0746883883339249,1.296960143464706,0.9002637892337433,0.524596079656414,2.673170437408661,0.6020874786173613,0.9555977908821818,4.70197374502483,0.9103915190887122,0.9255164458053271,0.5482147133036583,1.934627679922527,3.0579518467914824,3.3690095985512016,0.9634634459666147,0.5846896904461887,24.3870853969058,0.711374790985849,2.5367031022905095,0.7016350101771813,1.1953854484400117,0.8460648248989635,0.8216708871584442,1.0366003354033118,1.2122450574214043,1.2305628684964371,1.516722553358242,1.061499239148175,0.9899510249471734,3.5152760922874102,0.45574575843470966,1.3488627827652326,1.9820213807901714,0.43938515070696915,0.6895989090556958,2.704666518577124,0.6068553942563382,1.7771644402016615,0.7541567169677496,2.005348300456407,3.1013898821869637,3.248754102257302,1.2842024642561936,0.6174968271838058,0.9823598469222266,4.531056469599797,0.9468034909080328,1.233289381861889,0.8108182609629153,0.986024611055076,2.203757773919657,0.8580255862331472,1.2048727885876707,0.6857912879878661,0.9158373548531941,1.3705757512708276,0.7403117950390501,1.8559078704038448,0.6292178941678692,2.133484919603516,0.8727205198224478,1.4452597394662423,1.3098026540933518,1.621467392849639,0.45143023833087503,1.0945362259522087,7.275300606659901,2.096010420103025,0.8028501167258446,0.7216389057535308,3.4672162114952854,0.9420394615309058,1.4991653189715795,3.4637565560943977,3.6525085353098197,0.7334006330309211,2.2676763784617866,2.9122054115082827,0.9003869434489241,0.510076924334458,4.146430304505852,1.4310298637874608,4.103824123939603,1.5512440962445995,7.711816652148002,6.204098411061211,1.1437278372352166,0.6684317805762063,0.9793063373791413,2.9095310992448775,0.6098162181915759,1.6973513805642053,3.2066259089788924,2.7359309890455867e-16,0.8333392285177939,0.9787322127683138,2.3436949211370033
