,cell_name,total_mass_4mb_85,total_mass_1mb_95,total_mass_1mb_98,cell_line
0,cell231_HAP1_,120.76701770290629,938.503116795564,360.0111122188831,HAP1
1,cell447_HAP1_,34.35458984001308,495.1448849423358,289.55684011045537,HAP1
2,cell470_HAP1_,45.52073610348477,490.37649257241924,275.9475765528258,HAP1
3,cell312_HAP1_,69.05066529291351,741.299689801762,328.74751077426066,HAP1
4,cell29_HAP1_,113.9490165024654,883.5591289606965,355.57225524256,HAP1
5,cell264_HAP1_,96.82319926239222,834.5904971928671,346.2265230358589,HAP1
6,cell181_HeLa_,86.57820102699831,844.4508224567147,357.4945082593507,HeLa
7,cell412_HAP1_,64.6585617903456,729.3916612311167,332.34881857096036,HAP1
8,cell303_HeLa_,107.5700554627472,860.451756025258,348.9574911022729,HeLa
9,cell149_HeLa_,110.41466586079403,894.9395564284132,363.60719646680127,HeLa
10,cell547_K562_,68.45324934568202,739.0311110539288,331.83917932091117,K562
11,cell217_HeLa_,96.85954841296356,834.4771136489225,353.4042710443913,HeLa
12,cell220_HeLa_,74.78894222790613,794.7587573039094,345.39321326047394,HeLa
13,cell570_K562_,73.46701759810405,837.5357257064142,351.6660856751625,K562
14,cell403_HeLa_,60.685132410734596,624.9401460915071,313.73212824700994,HeLa
15,cell434_HeLa_,90.43416296666818,867.911669402204,357.2353850816944,HeLa
16,cell356_HeLa_,90.09846813084135,866.7716529174186,358.63236981180717,HeLa
17,cell525_K562_,79.04515778842372,856.6362316013337,355.630840410141,K562
18,cell512_K562_,85.12006112748259,832.2111467691179,351.1216646805999,K562
19,cell382_HeLa_,70.64840996825359,812.4540176614953,352.492219957928,HeLa
20,cell583_GM12878_,64.86418595019904,748.2507905021231,318.29168095480026,GM12878
21,cell60_HAP1_,38.282006501585315,552.8677311673861,286.1537879542276,HAP1
22,cell7_HeLa_,92.98122027238193,859.4162866810778,354.70072237370493,HeLa
23,cell482_HeLa_,82.94023756886321,776.6819347731323,334.2118085219304,HeLa
24,cell439_HAP1_,71.38592951311583,730.8985847980387,335.42442887899745,HAP1
25,cell35_HAP1_,66.00573807583775,747.5647537963633,340.28066712163013,HAP1
26,cell529_GM12878_,70.56851247066118,725.3862604458088,318.56816123508133,GM12878
27,cell593_K562_,84.71850362585732,817.3162089424625,340.9287142598001,K562
28,cell71_HeLa_,91.64700723722439,864.7495547442647,359.77120483608246,HeLa
29,cell46_HeLa_,86.71333120631486,879.8672282329593,365.59032027122305,HeLa
30,cell162_HeLa_,95.9241851144889,888.6265767710503,365.2377812127408,HeLa
31,cell393_HAP1_,94.44978889415701,848.4385952185044,356.88174933325183,HAP1
32,cell13_HeLa_,108.75745471865254,872.604269481692,364.2031332001252,HeLa
33,cell269_HeLa_,119.63419463119112,952.3413703439273,371.3362648759859,HeLa
34,cell428_HeLa_,70.56291289209082,827.7723430907812,358.4640641779197,HeLa
35,cell111_HeLa_,81.01273073027467,862.0745392937074,358.9667841804866,HeLa
36,cell126_HeLa_,89.3200450060163,857.8342227834887,353.2313447690158,HeLa
37,cell278_HeLa_,92.63465371105264,832.4113790211683,342.14268365480126,HeLa
38,cell173_HeLa_,99.03179252352068,879.4789210124883,361.32487326900116,HeLa
39,cell339_HeLa_,71.2684423326902,747.6698142665089,333.43086776365794,HeLa
40,cell144_HeLa_,72.0277955076985,828.3155302747522,349.05773310824645,HeLa
41,cell614_K562_,98.21874868735225,857.1994389471945,357.49560352848084,K562
42,cell57_HeLa_,108.13691232464089,857.0234596965713,346.809053131983,HeLa
43,cell296_HAP1_,68.29088237171784,722.1205767592053,323.84178738544796,HAP1
44,cell582_K562_,82.28051366105694,802.5892051372898,335.6307256405919,K562
45,cell24_HAP1_,106.76921155560002,830.2679190630702,350.63325428766393,HAP1
46,cell137_HAP1_,79.80969920980296,770.8496526309201,324.6387285703719,HAP1
47,cell493_HeLa_,85.81818390210091,865.3377023722021,358.7006332140644,HeLa
48,cell100_HAP1_,95.30696931587117,893.1447270802421,360.79283127156936,HAP1
49,cell287_HeLa_,91.71609930818424,873.2401473819853,364.4674796847554,HeLa
50,cell328_HAP1_,63.52456120183291,789.6896208797345,341.78411386737156,HAP1
51,cell155_HAP1_,65.31813922488047,758.9087753236798,338.36853306064563,HAP1
52,cell253_HeLa_,82.06606463742767,878.0894654800234,362.78560338038284,HeLa
53,cell503_K562_,118.10798000559367,909.342208385283,361.5083054841047,K562
54,cell92_HAP1_,126.28195220348863,889.6778139346571,356.779272179856,HAP1
55,cell534_K562_,102.80077731890604,867.4412764373131,360.5297507459932,K562
56,cell425_HeLa_,105.48063173914113,846.0606488638765,340.2349444551733,HeLa
57,cell347_HeLa_,102.07462790545978,887.0391191329222,352.92773744146007,HeLa
58,cell370_HeLa_,84.44072924527208,869.0466528894601,362.39642347786105,HeLa
59,cell561_K562_,80.0563270015426,820.6393997485927,352.0821481219348,K562
60,cell206_HeLa_,83.44584169342968,861.7187455931016,355.57960949277356,HeLa
61,cell556_K562_,89.26442492978245,855.398397116707,356.3122312930524,K562
62,cell325_HeLa_,99.76604421856581,839.3819060004474,346.9450972900579,HeLa
63,cell608_K562_,64.34437755317668,753.3188420375868,329.17598286411567,K562
64,cell158_HeLa_,97.9621944864472,839.8292323491994,344.7054616043216,HeLa
65,cell190_HeLa_,100.37097435490587,866.8705223308386,356.298889146147,HeLa
66,cell361_HAP1_,82.1415094602772,916.420393083479,367.15466337048366,HAP1
67,cell275_HAP1_,91.35617701269999,881.9087261138548,359.89678772169964,HAP1
68,cell38_HAP1_,93.9816560144711,866.0747497855928,359.23008079998954,HAP1
69,cell242_HAP1_,78.53698110454621,830.0178070982706,350.0962509837888,HAP1
70,cell83_HeLa_,98.532634805378,856.6648726426647,351.7298463139848,HeLa
71,cell461_HAP1_,86.99270531416579,828.7419582406287,345.14257304378634,HAP1
72,cell334_HAP1_,50.53916873769036,698.2055461724419,332.08662299232566,HAP1
73,cell456_HAP1_,77.48998160120331,751.2784783307155,327.7563077118959,HAP1
74,cell577_GM12878_,95.65012607029861,861.8494607939001,360.878207364009,GM12878
75,cell189_HeLa_,96.35234230452062,790.8455732277855,331.71953475739014,HeLa
76,cell378_HAP1_,87.56694698935797,745.7167600014031,322.4577233340534,HAP1
77,cell16_HAP1_,115.79707984365601,907.7254927122432,359.33762150717007,HAP1
78,cell587_K562_,95.48820408984528,824.9165072726648,338.66938496122964,K562
79,cell478_HAP1_,70.57640311354044,762.6224784308858,332.86653916578734,HAP1
80,cell167_HAP1_,68.49128061607883,831.6076024402595,355.19192698697105,HAP1
81,cell43_HAP1_,48.83650642218024,578.5638157042458,294.37813238818535,HAP1
82,cell282_HeLa_,88.20211767885303,855.7455528313851,354.898861599563,HeLa
83,cell74_HAP1_,82.66122667619358,833.5484890637038,346.4275387606079,HAP1
84,cell487_HAP1_,37.65853322012636,558.8840210179741,296.6367830140773,HAP1
85,cell198_HAP1_,68.31611375176928,786.4317489646315,346.1111688294609,HAP1
86,cell114_HeLa_,91.36730729972172,858.8498810574355,354.2138716980959,HeLa
87,cell228_HeLa_,101.33037730108387,878.6838396177586,355.3348725462936,HeLa
88,cell52_HeLa_,127.65160918043327,868.7608412587631,355.0335670163231,HeLa
89,cell176_HeLa_,102.04823321572314,834.4454622042336,357.1642616115714,HeLa
90,cell387_HAP1_,68.22912708193537,781.5027665220389,333.0224690300772,HAP1
91,cell86_HeLa_,90.92331045291931,865.3700068949142,357.5009349229688,HeLa
92,cell270_HAP1_,53.63413997723475,622.4209117078829,308.5870914856747,HAP1
93,cell431_HAP1_,77.47336564652682,818.6300310846304,347.3425165873748,HAP1
94,cell353_HAP1_,60.76708318006713,663.9852142573807,298.34467726254934,HAP1
95,cell364_HAP1_,61.18080143066985,688.4382681336464,322.373130929952,HAP1
96,cell406_HAP1_,50.883610057645356,630.5843710226425,317.76199593896877,HAP1
97,cell225_HAP1_,56.97961109870861,687.2675003502937,319.1225492362654,HAP1
98,cell453_HAP1_,46.01951967962898,624.3025742910341,330.02886280930676,HAP1
99,cell306_HAP1_,75.91378074788621,754.8330608690261,335.0529840590882,HAP1
100,cell184_HAP1_,84.0204670701303,824.3302117009913,351.10820026998266,HAP1
101,cell375_HeLa_,83.17444047599847,851.5842408427675,352.481018932639,HeLa
102,cell420_HeLa_,112.05014534848749,898.0397232908986,358.04607562724095,HeLa
103,cell342_HeLa_,68.15822028533643,817.2046391788585,354.4614589324509,HeLa
104,cell261_HeLa_,106.76744149137376,903.204741997193,364.3621898896664,HeLa
105,cell531_K562_,127.96596155913505,936.2900767490669,363.01714215683774,K562
106,cell506_K562_,124.35367195006177,962.9970848003757,369.021811461782,K562
107,cell256_HeLa_,105.08353260266269,882.1012051890314,356.17818114331214,HeLa
108,cell97_HAP1_,43.95715870901559,654.2135496153014,326.0720659814691,HAP1
109,cell475_HeLa_,82.80416277610038,857.6369363796033,360.6880239776436,HeLa
110,cell320_HeLa_,100.5155576516689,900.3963007787501,360.45120297559833,HeLa
111,cell442_HeLa_,55.15014291478792,685.5066698288302,321.42712541083324,HeLa
112,cell79_HeLa_,105.90633663443953,905.9881700734373,363.273838581678,HeLa
113,cell564_K562_,68.21999541982659,796.0430001581594,342.792268135983,K562
114,cell539_GM12878_,57.18287332946391,724.4346115342947,328.7473282466906,GM12878
115,cell575_K562_,117.21874682385088,951.8528135175309,368.2026865731816,K562
116,cell68_HeLa_,102.3783083505487,849.2685266221608,345.90162012537655,HeLa
117,cell212_HeLa_,100.63927627652922,851.0333500207196,348.32669031644554,HeLa
118,cell331_HeLa_,110.88531869110895,874.2149848500409,348.8860846702753,HeLa
119,cell464_HeLa_,67.3855568462107,805.6193823825101,346.67862602103736,HeLa
120,cell247_HeLa_,113.75768032713148,917.2704445550303,361.83902919465874,HeLa
121,cell520_K562_,107.27617501362248,901.7749035129427,359.8609483360534,K562
122,cell195_HAP1_,96.93647301292835,850.4844216325018,353.43513275474186,HAP1
123,cell119_HeLa_,96.32805299650913,897.571782128005,364.26424282381583,HeLa
124,cell317_HAP1_,107.37817647077961,942.9218646739345,367.2512257024506,HAP1
125,cell203_HAP1_,52.93848272314604,655.1333942023836,309.7331891172132,HAP1
126,cell234_HAP1_,62.63837591502899,683.0400771767789,317.18735924956167,HAP1
127,cell108_HAP1_,81.73631697376163,826.5929137197836,352.505471010065,HAP1
128,cell417_HAP1_,81.4246690211917,801.4886639972739,346.330661227091,HAP1
129,cell517_GM12878_,94.27237660376925,872.237554603385,354.29090595953215,GM12878
130,cell396_HAP1_,94.87295228845983,886.8616351167052,360.40650581136623,HAP1
131,cell150_HeLa_,87.76051684958844,848.1451178856058,350.80678039192924,HeLa
132,cell239_HeLa_,93.38843116322215,865.8483927914352,351.8377251581364,HeLa
133,cell496_HAP1_,58.51239478227352,607.069177380932,300.32181505599783,HAP1
134,cell105_HeLa_,96.32690327528493,878.1941863352899,363.9038578846354,HeLa
135,cell132_HeLa_,100.5808359834528,863.1217543316692,356.308195522783,HeLa
136,cell580_GM12878_,107.79902347996678,831.2420633769057,340.27790862479844,GM12878
137,cell21_HeLa_,98.33224459039272,855.7958897274027,357.109045485739,HeLa
138,cell65_HAP1_,69.27529924967197,868.2514288304726,364.52245612643287,HAP1
139,cell293_HeLa_,98.68256737527844,896.861674749774,358.12081398475294,HeLa
140,cell141_HAP1_,123.90323568050299,955.6581816685126,364.90714895081874,HAP1
141,cell469_HAP1_,96.7440954193259,870.993596262649,353.61220862479865,HAP1
142,cell596_K562_,86.70230071301128,871.5038116514788,356.71041326092916,K562
143,cell30_HAP1_,113.80371029941392,856.7830532967454,355.8242129200187,HAP1
144,cell123_HAP1_,79.07145439830774,802.5758601198888,342.9913844578126,HAP1
145,cell504_GM12878_,107.47641172840407,858.2895008106582,353.536123240768,GM12878
146,cell369_HAP1_,122.38012487805766,929.9773586398395,357.55907960319007,HAP1
147,cell2_HeLa_,92.62368212936391,885.8956461083534,368.18893304289594,HeLa
148,cell218_HAP1_,35.61839169348001,551.1371501009685,309.5747935105036,HAP1
149,cell359_HAP1_,91.2068857929685,835.2757177975917,354.5050797983407,HAP1
150,cell124_HAP1_,98.13025087753184,870.7251088963324,358.4091945265345,HAP1
151,cell113_HAP1_,62.8091851180618,708.8867949819212,313.4849398431487,HAP1
152,cell480_HeLa_,88.6038498133723,868.4364591799896,357.64765450574095,HeLa
153,cell5_HeLa_,90.19575731120136,832.2734744586437,343.34463319935446,HeLa
154,cell591_K562_,84.90034807584246,859.5873480698128,356.85996252453816,K562
155,cell37_HAP1_,120.19032434242646,918.2695429315708,357.8464009416837,HAP1
156,cell285_HAP1_,52.911447993726874,631.5079917940855,315.66268470445254,HAP1
157,cell559_K562_,75.8682707039592,727.5796816283807,326.66435536148674,K562
158,cell209_HeLa_,85.08477059956803,848.6386374723149,355.12823348005276,HeLa
159,cell73_HeLa_,100.5478405650198,886.08061528631,359.34240416230233,HeLa
160,cell160_HeLa_,96.26480267084965,878.309402951603,355.17491611823664,HeLa
161,cell607_K562_,72.36381321683285,910.0029221347331,366.3953105861767,K562
162,cell448_HeLa_,101.6935500457084,858.6249527135762,347.8282240139374,HeLa
163,cell11_HeLa_,98.61014867864593,877.2544086996676,357.8290820253186,HeLa
164,cell348_HeLa_,66.61268042121746,747.2749911582196,333.050168797625,HeLa
165,cell135_HeLa_,116.17127939604993,932.2679456949653,366.86064443082546,HeLa
166,cell288_HeLa_,81.49239150699589,832.7107177543155,351.31918815334643,HeLa
167,cell524_GM12878_,62.04116192587389,780.7260820769566,346.98726781322466,GM12878
168,cell204_HAP1_,69.08180439427251,811.0094639009956,338.4927375352205,HAP1
169,cell310_HAP1_,84.25739747530181,863.528137970806,352.928896176096,HAP1
170,cell445_HAP1_,78.05177615729787,794.5684426513156,347.65939078854694,HAP1
171,cell90_HeLa_,99.94142734870134,904.7680173844399,366.78212861258123,HeLa
172,cell410_HAP1_,39.733978924611094,553.8775982221188,293.0263869219677,HAP1
173,cell183_HeLa_,87.63793626818511,861.2834783699632,363.0465516258169,HeLa
174,cell372_HAP1_,57.4935197438075,684.2292834318606,322.4237473915408,HAP1
175,cell345_HAP1_,103.79593173350932,884.2696701316628,355.5669594263525,HAP1
176,cell427_HAP1_,64.74809133347165,747.2123676420593,333.35989233090936,HAP1
177,cell454_HeLa_,95.439536010219,863.7634319376004,350.8273087418961,HeLa
178,cell611_GM12878_,74.15051203627267,801.5207797688677,352.3106158539208,GM12878
179,cell336_HeLa_,43.38801565401978,601.3836416218021,307.23884287155533,HeLa
180,cell301_HeLa_,94.24216057884871,835.9839161273346,344.51109067775985,HeLa
181,cell463_HeLa_,49.209779985363966,566.8233470298919,286.76815501153715,HeLa
182,cell572_K562_,61.64114314983978,736.3257643649916,326.98865766633236,K562
183,cell222_HeLa_,92.02324371023546,837.8011391655733,343.6621339386831,HeLa
184,cell215_HeLa_,108.60529173773658,918.6611288659847,360.1702357765605,HeLa
185,cell58_HeLa_,89.20147945188839,829.9198450908933,350.6237443173801,HeLa
186,cell545_K562_,104.57994002410257,874.5749745746642,360.08115853343213,K562
187,cell401_HeLa_,82.70629240122764,846.4934474736243,353.43831036143916,HeLa
188,cell363_HeLa_,69.59169515282531,734.8639743432611,321.60480451035664,HeLa
189,cell8_HAP1_,105.82725686193427,932.334512522549,370.8823750891471,HAP1
190,cell240_HeLa_,84.17207216461028,821.680483484465,345.2489229889733,HeLa
191,cell510_K562_,120.43738477087324,914.4042704648655,357.8914383733474,K562
192,cell277_HeLa_,85.7510971502424,824.1660055584332,346.57297977688296,HeLa
193,cell606_GM12878_,87.72566511298406,812.883934628368,338.57005486844656,GM12878
194,cell266_HeLa_,81.68869810741887,818.3338141557626,347.69472711336977,HeLa
195,cell536_K562_,101.85256454605039,883.0988525518435,360.3283389779805,K562
196,cell501_K562_,101.08288864520908,909.5319645806672,364.96400468851203,K562
197,cell251_HeLa_,84.1470592952993,879.6011247790491,360.9263317039208,HeLa
198,cell138_HeLa_,87.57350156717061,856.3802844031117,354.12145932319083,HeLa
199,cell554_K562_,64.18642569879003,706.8063709056078,319.14276076046895,K562
200,cell49_HeLa_,85.60458207064005,899.732083793953,363.4442598866401,HeLa
201,cell233_HeLa_,113.65289806331043,893.7371960781693,355.7001333254383,HeLa
202,cell563_K562_,113.72779498478855,889.9173355184901,361.91545240675634,K562
203,cell472_HeLa_,55.64046045564368,720.0147154722408,334.60177883529553,HeLa
204,cell327_HeLa_,73.07677689985782,836.1207032616658,351.32067065293325,HeLa
205,cell354_HAP1_,82.67676720118834,880.6961032609095,363.005002251328,HAP1
206,cell129_HAP1_,91.71167817938786,853.9975372224093,354.78517352297274,HAP1
207,cell436_HAP1_,111.64116285296308,909.5666340031698,359.3005433164003,HAP1
208,cell569_GM12878_,75.69863767041795,765.022108880339,339.40537130887515,GM12878
209,cell192_HeLa_,102.62140284537972,863.3001300800188,356.2810278188672,HeLa
210,cell81_HeLa_,109.62888407553012,909.3563332540566,365.47038260709337,HeLa
211,cell299_HeLa_,76.24240587217142,790.6001206161338,343.5215402426621,HeLa
212,cell616_K562_,67.38765368518115,693.5105673127764,314.16790730065384,K562
213,cell459_HeLa_,51.571960397505855,711.4386621150891,345.9405705307498,HeLa
214,cell146_HeLa_,102.52750669823703,868.3467007669024,362.7699752369206,HeLa
215,cell171_HeLa_,77.35753409784043,864.6241547923967,357.6305597991833,HeLa
216,cell380_HAP1_,132.05119697115146,932.3457687777476,361.36421619703424,HAP1
217,cell62_HeLa_,89.44662482894165,854.7341542167596,351.76284478426373,HeLa
218,cell294_HAP1_,71.42076407907848,747.4132489585727,331.11392006787696,HAP1
219,cell548_K562_,108.17056077261458,907.5449391459554,363.0893992180073,K562
220,cell55_HeLa_,105.77061362824695,865.7511304227482,351.78461956949684,HeLa
221,cell26_HAP1_,93.61838148254067,883.201012761822,360.22336615431834,HAP1
222,cell102_HAP1_,76.82173836925826,837.173558996592,354.7926794833088,HAP1
223,cell491_HeLa_,31.375502999728702,402.6546884705809,236.8478964687567,HeLa
224,cell44_HAP1_,72.01426469815777,865.5076116147443,359.46915480147084,HAP1
225,cell391_HeLa_,59.80707143513417,687.3968586763074,315.0140096021429,HeLa
226,cell157_HAP1_,88.03475946388987,851.3170380156673,357.90103501386875,HAP1
227,cell599_K562_,74.39410450739848,874.7178762418885,357.01483842024004,K562
228,cell245_HAP1_,122.53303642634052,940.4677872859413,365.44867394164663,HAP1
229,cell404_HAP1_,59.33374476458506,732.7873499360805,330.41160715158503,HAP1
230,cell433_HAP1_,64.3522234270304,633.9738792966544,318.9972230554771,HAP1
231,cell227_HAP1_,44.79006975528133,617.077076449231,310.8951240158284,HAP1
232,cell304_HAP1_,143.28474351979798,974.9855027961553,365.4201323172264,HAP1
233,cell466_HAP1_,37.12388439128573,538.1431039907843,286.43496865005926,HAP1
234,cell388_HeLa_,74.13492383897511,782.7955670539068,337.68188489537283,HeLa
235,cell179_HAP1_,127.82428145516357,933.2027618482887,364.39039524233533,HAP1
236,cell553_GM12878_,65.71731086298695,680.5499034570545,305.62668197592666,GM12878
237,cell451_HAP1_,69.56209915870016,757.239454829611,337.1040527835154,HAP1
238,cell333_HAP1_,71.37601649502508,867.4263134711778,356.7614558650321,HAP1
239,cell422_HeLa_,64.61773989469812,810.5451570497255,345.2712703608922,HeLa
240,cell499_HAP1_,28.34604429169444,443.94795363092817,257.4641247310673,HAP1
241,cell254_HeLa_,79.06188419760929,837.9839941911857,355.2482681796042,HeLa
242,cell19_HeLa_,116.21986679495865,927.4095099708857,368.86795264693586,HeLa
243,cell533_K562_,76.48714386715986,827.3756045618732,354.2562063250509,K562
244,cell263_HeLa_,107.1606591636199,865.8214544385555,351.5756627157927,HeLa
245,cell440_HeLa_,94.10674652901479,831.2938689149914,339.9202467965757,HeLa
246,cell322_HeLa_,114.22139625944278,898.2722331629091,358.96107376666805,HeLa
247,cell315_HeLa_,84.07658664810313,792.4159899545105,344.60640477271204,HeLa
248,cell399_HAP1_,94.21820162069633,924.4979488548184,370.88990704770185,HAP1
249,cell566_K562_,106.85839765011806,893.9720239012986,358.2327072720236,K562
250,cell201_HeLa_,86.71469191308238,834.269498089652,352.53380130337143,HeLa
251,cell557_GM12878_,58.4814282410535,649.3695943138746,305.862624080383,GM12878
252,cell418_HAP1_,47.83659163379238,577.8777961648168,299.73749089260247,HAP1
253,cell585_K562_,106.43812031559276,924.4633450423325,365.69517786527365,K562
254,cell259_HAP1_,64.12272148890342,718.6411845966022,330.92785078680373,HAP1
255,cell23_HAP1_,105.6603041076859,935.8465644140371,373.12563435880065,HAP1
256,cell318_HAP1_,97.7179715307883,858.0643321339769,355.1986446678628,HAP1
257,cell394_HeLa_,100.57472705150637,895.4424164189534,360.9163881618683,HeLa
258,cell76_HAP1_,68.72117181134946,814.8319753401103,354.6719117894837,HAP1
259,cell280_HeLa_,63.641852798812934,744.0995876893619,335.41758130395175,HeLa
260,cell32_HeLa_,99.86548290997614,869.2441638065408,358.42539389206377,HeLa
261,cell518_K562_,100.17043783156052,879.9553524897451,360.9330649838612,K562
262,cell409_HeLa_,76.21253498008475,827.9274717049311,346.8129922868782,HeLa
263,cell50_HeLa_,92.14980755491632,881.5556974831377,362.8444161379963,HeLa
264,cell67_HeLa_,131.71397178134586,896.6326884651872,360.34072593293905,HeLa
265,cell309_HeLa_,75.91715932910367,819.6818629634535,343.08674640533894,HeLa
266,cell385_HAP1_,88.78574663783397,846.4210444381846,352.2262151612131,HAP1
267,cell143_HeLa_,85.93393406610785,865.4017322238399,354.5528892012651,HeLa
268,cell613_K562_,71.30947258890316,771.8476751421144,334.6533912969901,K562
269,cell602_K562_,64.4843457980471,745.5798169352935,335.22880854784125,K562
270,cell152_HeLa_,95.17952766401778,862.7974992214864,353.59170079109157,HeLa
271,cell165_HeLa_,81.78318855923807,839.9374111565356,349.74270112828,HeLa
272,cell41_HeLa_,86.18593030353259,817.7136032917654,351.52694894203916,HeLa
273,cell130_HeLa_,99.4689367401157,884.7171463234649,360.966612202851,HeLa
274,cell107_HeLa_,87.36298961203381,844.310318191674,355.20464503830584,HeLa
275,cell494_HAP1_,67.76391786554544,721.2798324958123,317.05246709739174,HAP1
276,cell98_HAP1_,91.0580242219193,848.6061533474342,348.8914883828159,HAP1
277,cell509_K562_,80.41949498959431,774.8597540035522,339.9820380034595,K562
278,cell14_HeLa_,92.22457342410269,877.9409858051706,364.24793134384095,HeLa
279,cell291_HeLa_,61.25290501662858,591.0086517629557,284.8590553334213,HeLa
280,cell174_HAP1_,86.17830463817904,860.8999601526459,361.0787423124164,HAP1
281,cell89_HeLa_,109.75176607398087,887.2196187115891,362.5099134100313,HeLa
282,cell594_K562_,110.74738097718124,949.7062167015107,367.12082925883465,K562
283,cell248_HAP1_,80.7415924887398,785.852952684344,339.3927921556275,HAP1
284,cell116_HAP1_,59.600109250165346,718.6406496584882,323.6072540098042,HAP1
285,cell0_HeLa_,110.31722721738566,888.3933225122639,352.27062019548015,HeLa
286,cell485_HeLa_,69.4264700078403,727.0147854486003,331.9951541304318,HeLa
287,cell601_GM12878_,50.5598994618532,613.2714716026697,302.4526793257756,GM12878
288,cell121_HAP1_,136.68875943676517,940.6968988452397,360.4559839992738,HAP1
289,cell540_K562_,114.82012470055005,941.0318316532487,372.11999327750647,K562
290,cell210_HeLa_,107.27263716483807,871.9392869258502,356.72898251765196,HeLa
291,cell272_HeLa_,103.71947374378195,905.7665387136808,361.7846143062708,HeLa
292,cell522_K562_,104.38195703494384,871.5170905938121,358.8766270959446,K562
293,cell84_HAP1_,93.39178847272314,891.3641601204982,358.54070269761405,HAP1
294,cell515_K562_,105.39738273195758,928.8725220897973,370.1985911993469,K562
295,cell197_HAP1_,104.29640788129944,846.217664423056,343.8250999560393,HAP1
296,cell366_HeLa_,89.55130842059994,861.2701053708104,351.2158540867897,HeLa
297,cell488_HAP1_,60.29178493234532,681.9456386167942,311.5495783832904,HAP1
298,cell351_HeLa_,95.92751210952052,833.9883096705285,349.1932961285513,HeLa
299,cell527_GM12878_,73.01351034116719,713.8168114327126,306.77811103873387,GM12878
300,cell605_GM12878_,63.05866036577273,729.0222987909361,331.7135264289234,GM12878
301,cell168_HAP1_,90.959541042655,840.1132734376131,353.4021482625898,HAP1
302,cell477_HAP1_,57.55861000618302,713.2438071902051,326.0832700970653,HAP1
303,cell236_HAP1_,96.58707201822845,865.5111502700104,355.9717412021257,HAP1
304,cell340_HAP1_,47.671655046139655,623.5275808435014,321.45271125435875,HAP1
305,cell415_HAP1_,79.58785702610581,813.4058874737223,351.9175405048255,HAP1
306,cell377_HAP1_,44.820997082464224,622.9593788045254,308.40351674238605,HAP1
307,cell186_HeLa_,101.9058505942434,904.3691105724893,362.6382704021074,HeLa
308,cell95_HeLa_,99.05780887143571,883.0367982039547,367.59013211294365,HeLa
309,cell588_K562_,73.10348103141314,806.4507618284778,346.69379846260233,K562
310,cell31_HeLa_,108.53098626915309,882.5408481040615,361.90873290603065,HeLa
311,cell122_HeLa_,107.78017763245398,895.4143940035573,362.2613184975015,HeLa
312,cell578_GM12878_,114.46678749805982,907.9074002027021,360.8191282627602,GM12878
313,cell199_HAP1_,126.49134968573912,980.0369385466821,372.53147116608807,HAP1
314,cell486_HAP1_,62.622290928251516,755.2003582098943,338.58345964689136,HAP1
315,cell368_HeLa_,101.50648009952454,852.1720932108944,355.20084214560546,HeLa
316,cell229_HeLa_,92.64179776067408,833.2202074718931,356.08409539695515,HeLa
317,cell579_K562_,71.31941243177212,773.7013472085756,326.338171590396,K562
318,cell64_HeLa_,111.31047103198011,857.8374575256875,347.3445830670764,HeLa
319,cell140_HeLa_,114.37954051269304,895.483127718859,358.38623543198537,HeLa
320,cell610_K562_,54.421623130566026,592.7207013992823,291.92486521088415,K562
321,cell386_HAP1_,52.96993319471538,690.2467035831446,330.7844550263204,HAP1
322,cell497_HeLa_,30.88561534111445,466.2216899974707,273.66245952368314,HeLa
323,cell188_HeLa_,79.07137483849763,826.3154722909092,355.78193105454545,HeLa
324,cell586_K562_,62.152277929962125,763.5344025834464,341.2051579649915,K562
325,cell166_HAP1_,45.68525671408201,570.5396147961246,297.43283884496725,HAP1
326,cell479_HAP1_,51.381283949468134,608.7640654516377,299.28201730301294,HAP1
327,cell151_HAP1_,87.8107219778687,833.2153501961116,349.3563815847893,HAP1
328,cell283_HeLa_,110.73769488735137,885.3231358407787,357.66220752074605,HeLa
329,cell42_HAP1_,51.0592147961725,622.456588757134,317.36871372868336,HAP1
330,cell416_HeLa_,102.33244092507573,879.6439343525313,357.4458453733362,HeLa
331,cell109_HeLa_,71.76677172441154,845.8451741730512,357.0817233519635,HeLa
332,cell374_HeLa_,70.48626835172911,763.3828919839922,333.0523031243148,HeLa
333,cell530_K562_,101.432123498425,908.0209758917084,361.43542989884406,K562
334,cell260_HeLa_,88.96810683373602,848.0386642113464,357.4706353141157,HeLa
335,cell257_HeLa_,102.77135456275974,914.785021159805,362.69401662819763,HeLa
336,cell507_K562_,107.5431299669743,907.8976168254727,363.94041629587826,K562
337,cell321_HeLa_,88.16425669587092,861.6224629312974,361.33721582374704,HeLa
338,cell202_HeLa_,86.5369826543219,863.7374493710804,355.3149501201684,HeLa
339,cell552_K562_,102.58590808556585,902.9862039688967,361.48784880930924,K562
340,cell565_K562_,62.47295611433459,749.0782536909834,334.291431422435,K562
341,cell87_HeLa_,102.23809609752341,842.6447800284427,349.33756010693094,HeLa
342,cell271_HAP1_,73.59763896129886,834.5266375115814,352.55206514071415,HAP1
343,cell352_HAP1_,84.46587998942118,825.7000969722651,349.7003689427986,HAP1
344,cell430_HAP1_,71.21133861467493,770.2452671797021,331.2588971411742,HAP1
345,cell118_HAP1_,139.17984174525063,895.2766966525626,352.6862840906174,HAP1
346,cell407_HAP1_,67.86645062069414,765.8670247166438,339.2405861943846,HAP1
347,cell224_HAP1_,90.2614083785803,827.9282647018483,343.9923273657289,HAP1
348,cell213_HAP1_,118.31424655781953,992.624051165825,370.53064417174926,HAP1
349,cell316_HAP1_,101.28181169025956,874.1441449053416,354.9135341800227,HAP1
350,cell474_HAP1_,79.42371179439377,761.8438287538997,329.75420063293785,HAP1
351,cell443_HAP1_,45.18865240896344,595.7607000476664,307.067071109763,HAP1
352,cell78_HAP1_,98.89767494876554,869.5968725843918,350.8171118038424,HAP1
353,cell235_HAP1_,90.54074847039863,846.8094304076822,359.9436899161382,HAP1
354,cell508_GM12878_,83.48930661450481,869.7856166115787,365.8060252663986,GM12878
355,cell185_HeLa_,96.32845522989082,891.0330614769881,355.5311361785667,HeLa
356,cell604_GM12878_,88.27074277211702,747.1057286039231,323.28786444538645,GM12878
357,cell343_HAP1_,70.1033722653481,830.2444250327192,351.15351714361543,HAP1
358,cell421_HAP1_,74.36408922720761,815.9262507600838,341.2038819167624,HAP1
359,cell96_HeLa_,89.22187076203184,877.2938452137411,354.6794707617099,HeLa
360,cell69_HeLa_,88.94612492806542,828.0003273976711,353.2044581223916,HeLa
361,cell574_K562_,103.11967138269415,839.1816578483244,348.09632469994517,K562
362,cell543_K562_,118.9894948872855,933.3893241456436,360.72551496818437,K562
363,cell452_HeLa_,83.47324689856656,828.2625214381162,350.66744983743854,HeLa
364,cell330_HeLa_,96.57255288702953,859.8535177358649,349.88606783153557,HeLa
365,cell307_HeLa_,90.93507734464563,876.2140414206142,364.3134826480615,HeLa
366,cell465_HeLa_,51.137054433771624,631.8480832121916,321.97236298218877,HeLa
367,cell246_HeLa_,99.6859131108817,874.7829720110523,356.55119331667254,HeLa
368,cell521_K562_,69.75952346134285,843.2956618373111,356.96112661260446,K562
369,cell194_HAP1_,73.86891080835292,791.8651981565757,341.948716543714,HAP1
370,cell365_HeLa_,69.3592661726054,760.6459711211364,330.17259427970737,HeLa
371,cell292_HeLa_,88.05825283854304,853.8495714201842,354.04859474465536,HeLa
372,cell53_HAP1_,77.34433834995667,868.4113375176253,366.52645507747144,HAP1
373,cell600_GM12878_,75.76376456742868,816.0511219467892,348.5269522668831,GM12878
374,cell468_HAP1_,92.96795611039347,872.6230516380127,355.39527066871096,HAP1
375,cell177_HAP1_,103.96467381247403,855.5146379499841,354.31838623489784,HAP1
376,cell597_K562_,85.06171648074672,812.7930735746668,340.90025777442344,K562
377,cell617_GM12878_,107.09900233270041,823.2168786249663,336.0586591755954,GM12878
378,cell115_HAP1_,66.06907782743124,811.9536257736061,350.83086657754836,HAP1
379,cell3_HeLa_,107.45953991713988,885.3001915500008,354.39916678777314,HeLa
380,cell397_HAP1_,80.51032740855067,776.3119139354517,331.8162171628722,HAP1
381,cell75_HeLa_,90.40561236229551,894.4288173475262,366.1100870311212,HeLa
382,cell568_K562_,93.54234122348777,907.0831501856426,363.6044214007226,K562
383,cell238_HeLa_,89.8733823967282,823.2304927596028,353.76085887672133,HeLa
384,cell104_HeLa_,98.48212253936985,908.0156128347841,364.15481314745443,HeLa
385,cell379_HeLa_,100.21927710896803,855.9768772769158,347.4899039815889,HeLa
386,cell133_HeLa_,85.64168172918224,865.0789470946022,362.3828528288624,HeLa
387,cell20_HeLa_,103.32991352097093,818.275890842755,342.0796968266857,HeLa
388,cell17_HeLa_,83.553003723974,862.4919831729758,361.7206905477411,HeLa
389,cell618_K562_,73.47216107832585,788.1796722583994,339.1522307028956,K562
390,cell335_HeLa_,108.33176083792264,903.6164942020339,369.1902791206933,HeLa
391,cell221_HeLa_,104.63725528583589,882.2980861819269,360.5202494548415,HeLa
392,cell360_HeLa_,67.66311507667072,673.8186461762018,318.57805167784363,HeLa
393,cell191_HAP1_,62.57589391449739,780.8756415077816,338.74149696310906,HAP1
394,cell82_HAP1_,94.92134581607574,876.5204092780106,359.4869923237822,HAP1
395,cell243_HeLa_,92.45247484729848,839.2265952668452,349.5015759682823,HeLa
396,cell513_K562_,119.66345992846452,928.0570454656714,361.20018538738725,K562
397,cell230_HAP1_,73.93854943419257,812.6138696002761,347.2946586356431,HAP1
398,cell446_HAP1_,80.98691028943715,808.8122203324141,342.84782880259837,HAP1
399,cell471_HAP1_,82.97768142706235,870.5735171450938,360.42707542500386,HAP1
400,cell93_HeLa_,106.93807207718447,917.5620776684091,363.1535940658805,HeLa
401,cell265_HAP1_,90.00115711327112,894.7602741491878,361.90519144758485,HAP1
402,cell413_HAP1_,47.232946225578544,680.2961708995222,330.4533316517014,HAP1
403,cell70_HeLa_,84.0323941799758,865.690057261223,362.02370567017056,HeLa
404,cell286_HAP1_,94.18770146053647,868.2103828377549,360.24321551655044,HAP1
405,cell47_HeLa_,90.14154553176215,863.5807182331034,353.0656229472964,HeLa
406,cell329_HeLa_,64.68792489752994,750.3190029020342,325.8712171332438,HeLa
407,cell392_HAP1_,115.4448681508363,918.861577414961,364.5367276780123,HAP1
408,cell163_HeLa_,79.13640472643611,819.8203436599358,349.2386391013,HeLa
409,cell12_HeLa_,99.15391356989676,892.5109463824584,361.8905167851375,HeLa
410,cell268_HeLa_,124.52195805735116,875.6698989789006,352.0385176313175,HeLa
411,cell603_GM12878_,72.55288510629498,784.1337080992439,334.7969189875082,GM12878
412,cell538_K562_,120.05252349054956,902.8605518035375,363.85174303692213,K562
413,cell25_HeLa_,114.02540401145674,934.124833984532,369.2418557286726,HeLa
414,cell429_HeLa_,96.904499198698,902.8166619743968,363.5701320854261,HeLa
415,cell492_HAP1_,90.12005714462909,856.4353690966225,348.1643130511531,HAP1
416,cell383_HeLa_,71.33497309432897,659.9169634612848,296.87906053221695,HeLa
417,cell338_HAP1_,87.18828600275373,893.3927891374001,367.44190257465544,HAP1
418,cell297_HeLa_,77.74585144999142,845.8057290345849,359.54743557231177,HeLa
419,cell56_HAP1_,78.06696651752874,816.7075204027826,356.8845894181318,HAP1
420,cell110_HAP1_,83.04052637761795,862.3711193289624,359.28668296517634,HAP1
421,cell483_HeLa_,72.68670244316542,771.9883739638005,337.4705449551185,HeLa
422,cell438_HAP1_,74.61054667974801,826.3957810284335,354.1001305609189,HAP1
423,cell34_HAP1_,77.1798640651187,858.1863535904141,360.0022494947358,HAP1
424,cell279_HAP1_,83.73190774394635,846.7869764003192,354.34864102414446,HAP1
425,cell592_K562_,98.64724502361578,865.5948768698873,351.34488748821366,K562
426,cell136_HAP1_,85.44592264749781,866.198559817883,365.6170784072882,HAP1
427,cell101_HAP1_,116.70924088386369,865.917517640172,353.6506721414319,HAP1
428,cell154_HAP1_,66.92333679018184,782.4411335303272,346.91310562481425,HAP1
429,cell6_HAP1_,62.2168740473334,796.5944797762459,343.50658081250447,HAP1
430,cell127_HeLa_,114.3666894304196,895.0548298224705,356.76027817331953,HeLa
431,cell172_HeLa_,88.09600485344097,847.6814159381781,349.12923960002433,HeLa
432,cell615_K562_,81.77968653689176,803.7716509333763,338.3505915505099,K562
433,cell145_HeLa_,112.91661451309184,884.7756164434318,351.21782339222455,HeLa
434,cell542_GM12878_,103.18495395073722,879.4573662239089,355.1161030089455,GM12878
435,cell61_HeLa_,86.43608803360594,850.6424739297329,353.6442861638654,HeLa
436,cell402_HAP1_,86.53133870683438,858.060988801461,352.1679222278916,HAP1
437,cell357_HAP1_,95.69928425688656,835.8631079648375,351.80026676738066,HAP1
438,cell435_HAP1_,63.494190102256496,791.7374401272656,349.1204622568205,HAP1
439,cell39_HAP1_,150.05360108087416,950.663051723789,366.42441633500505,HAP1
440,cell274_HAP1_,66.42873844257882,772.8856629504996,339.5654795857609,HAP1
441,cell302_HAP1_,123.11716578286797,881.5572344998002,342.6278351188512,HAP1
442,cell460_HAP1_,84.98532286862635,829.0148340698022,346.5215201460471,HAP1
443,cell457_HAP1_,53.559457650431604,624.6343206145875,297.56394187930016,HAP1
444,cell148_HAP1_,94.51836900044657,860.1092495126245,352.0005088530038,HAP1
445,cell216_HAP1_,106.88488021505958,856.4047355175471,351.234132946882,HAP1
446,cell252_HeLa_,91.1044516216966,869.2797473187716,360.55680161715986,HeLa
447,cell28_HeLa_,114.1594695667129,899.8327600953185,357.173491552046,HeLa
448,cell535_K562_,95.02823883313117,865.9631946164882,354.05603945450457,K562
449,cell346_HeLa_,86.05381498182209,828.9959557636007,349.3223391764892,HeLa
450,cell546_GM12878_,81.01429520321852,811.2541955105967,344.59177198971867,GM12878
451,cell424_HeLa_,98.5833984582275,885.8183318669555,363.25056453632214,HeLa
452,cell180_HAP1_,137.48438473211516,916.3071357786339,356.7862401645724,HAP1
453,cell371_HeLa_,95.24489837462589,873.8712678314062,356.13337225839905,HeLa
454,cell560_K562_,116.2641619185516,907.3571231155124,362.5024431198928,K562
455,cell551_GM12878_,61.87631152272495,725.0320120136226,332.89087769166827,GM12878
456,cell207_HeLa_,95.84027698038199,842.9966087045449,353.14544852741466,HeLa
457,cell159_HeLa_,94.0601312185968,844.7158211800779,346.2800817642203,HeLa
458,cell609_K562_,64.05317803360556,702.7822571285292,322.6120188064846,K562
459,cell324_HeLa_,82.1656992047979,797.8614445585656,341.0002621217957,HeLa
460,cell313_HeLa_,95.51231535709968,882.1041221579535,359.651736452907,HeLa
461,cell423_HeLa_,47.11281061425187,655.4127308941409,323.58822320908325,HeLa
462,cell187_HAP1_,78.57703400235526,836.1134397733986,358.3366134614679,HAP1
463,cell505_K562_,89.41589416399819,893.8052181527501,363.7204237233791,K562
464,cell18_HeLa_,104.7164213724414,924.4457220631716,369.4849601779522,HeLa
465,cell94_HAP1_,92.13830204295353,857.1867935512811,361.4143831076904,HAP1
466,cell562_GM12878_,66.91268786917185,766.8199277011535,340.8087571367789,GM12878
467,cell532_K562_,110.1895370840363,910.0642753428463,359.47648118833797,K562
468,cell323_HeLa_,72.68481253289654,803.2644562667268,345.9412239317511,HeLa
469,cell476_HeLa_,89.12561334765117,870.4179158162976,351.968135126907,HeLa
470,cell169_HeLa_,79.03658800633835,836.6305978788945,349.856925637262,HeLa
471,cell237_HeLa_,79.17107831240511,875.424024481046,364.637576722434,HeLa
472,cell567_K562_,99.54224092096564,866.1256268731186,351.0000433380042,K562
473,cell550_K562_,113.11161327399581,898.879860090024,353.1216000360423,K562
474,cell598_K562_,114.91022704287504,903.2268832725274,357.24872153102865,K562
475,cell489_HeLa_,56.128956321776684,734.5334588918008,338.95521735853094,HeLa
476,cell196_HeLa_,96.63421833924536,888.6212385195232,364.5833443016457,HeLa
477,cell405_HAP1_,61.752065252909226,747.9220156537842,338.1323791445285,HAP1
478,cell432_HAP1_,109.11981410555863,898.5005201624887,354.66173882889126,HAP1
479,cell350_HAP1_,32.80226627322827,526.0110622333556,296.04521412344803,HAP1
480,cell226_HAP1_,92.00274466587156,745.2274229246942,317.72108657413156,HAP1
481,cell467_HAP1_,50.390522615616696,538.3373654850959,279.8560227035788,HAP1
482,cell305_HAP1_,77.16428596893947,849.4454100465102,359.51443298164565,HAP1
483,cell332_HAP1_,75.14193710984387,812.4839990481112,345.6229062196505,HAP1
484,cell249_HeLa_,106.71256135338616,913.3464377091647,366.24938956585095,HeLa
485,cell519_K562_,59.98074713955947,701.3217696645278,319.2682656784362,K562
486,cell484_HAP1_,92.0210655279536,850.0326406236385,353.52051079094895,HAP1
487,cell1_HAP1_,85.21711046148474,886.7580446449966,368.76176082037887,HAP1
488,cell408_HeLa_,103.3764068625747,845.450254413361,344.4339212091264,HeLa
489,cell117_HeLa_,100.57508414495788,880.0184736826793,362.064975212186,HeLa
490,cell120_HeLa_,112.44439862894711,873.3991209570089,354.6825680227888,HeLa
491,cell571_GM12878_,83.89157440214944,838.4633883390586,350.3051132514206,GM12878
492,cell51_HeLa_,105.84491201951356,903.2983960503886,365.24622985120465,HeLa
493,cell308_HeLa_,96.2587691360745,851.9832277158066,351.61638117680764,HeLa
494,cell612_K562_,98.46706464899205,840.3995689920309,346.3458181409387,K562
495,cell142_HeLa_,52.50077157703301,739.6068918274643,342.38724640867855,HeLa
496,cell131_HAP1_,83.759705753465,824.2580601133683,344.79924357131586,HAP1
497,cell495_HeLa_,73.90261755675753,842.3826491907128,357.5197667657857,HeLa
498,cell419_HAP1_,66.59054594086516,787.8200597296042,346.1633490720195,HAP1
499,cell15_HAP1_,53.21149212716563,744.3003518006399,338.15870153387647,HAP1
500,cell258_HAP1_,75.82186650853926,742.3149664265283,327.68018060417387,HAP1
501,cell584_K562_,80.2025578020943,810.7599203667762,343.0677268530453,K562
502,cell22_HAP1_,77.8331613520607,848.1838976467517,351.8666898004242,HAP1
503,cell153_HAP1_,82.18031962670342,862.9725978439565,362.5734731274327,HAP1
504,cell395_HeLa_,73.40200431761431,822.946036868193,350.4654468012037,HeLa
505,cell77_HAP1_,70.53311784411069,792.6413403952322,340.3380669514836,HAP1
506,cell40_HAP1_,59.373122297211,766.789878808069,343.2564770538173,HAP1
507,cell290_HeLa_,97.07118987432294,857.5377523622374,347.7467036516699,HeLa
508,cell66_HAP1_,78.08124860898661,841.4074570824212,350.0926566822308,HAP1
509,cell175_HAP1_,46.16060980935161,574.1005181697392,284.0634858269064,HAP1
510,cell384_HeLa_,104.33303489050869,856.6419500926833,352.1326518730193,HeLa
511,cell33_HAP1_,97.50700417312243,844.6944118278348,350.9123297097332,HAP1
512,cell88_HeLa_,116.09667586006677,894.1115365711814,352.89861637904875,HeLa
513,cell164_HeLa_,93.66931921934997,830.2140546774901,352.4338982302017,HeLa
514,cell319_HeLa_,93.99542807753667,881.1302068891596,365.01645862799325,HeLa
515,cell581_GM12878_,88.05936103112778,847.7657141363172,347.5700854924312,GM12878
516,cell281_HAP1_,104.0941491263322,888.8872695573928,358.0256982171981,HAP1
517,cell106_HeLa_,92.1205253670789,866.0786375595212,355.51974447537316,HeLa
518,cell99_HAP1_,60.195287443663176,731.5239817128527,335.26436201771327,HAP1
519,cell441_HAP1_,89.79636402974803,872.1165739579616,364.81073841615,HAP1
520,cell398_HeLa_,101.49766475488501,897.3698966456477,360.9966429824047,HeLa
521,cell314_HAP1_,108.80469088341445,946.9903568044876,368.5080729972807,HAP1
522,cell516_GM12878_,84.98820677117739,820.0851567358532,348.9720987046396,GM12878
523,cell200_HAP1_,62.037512506705966,747.3505203958819,336.9644771363507,HAP1
524,cell341_HAP1_,85.60973496054902,813.6355894674896,341.48423172766354,HAP1
525,cell498_HeLa_,58.48926521644664,580.3790594347643,291.4806009587692,HeLa
526,cell376_HAP1_,110.81355621784385,883.4268144865937,359.02015917834115,HAP1
527,cell414_HAP1_,65.60318795161567,800.226433811679,343.59951327438245,HAP1
528,cell255_HAP1_,101.2043663887626,879.2315860183375,359.9829236099654,HAP1
529,cell589_K562_,82.6852968678604,852.8251906495539,354.8327854961781,K562
530,cell262_HAP1_,91.17059780274566,901.3193498962589,361.72453805737473,HAP1
531,cell211_HeLa_,80.41482515803565,769.660734245924,324.7771156980848,HeLa
532,cell541_K562_,105.64014638178118,878.5406113556819,353.0121668826635,K562
533,cell576_K562_,100.07209563159665,869.8442616578793,355.52770000947777,K562
534,cell178_HeLa_,54.661493400624494,734.9199956257372,326.8215099910618,HeLa
535,cell389_HAP1_,49.1138819740246,709.7895914388247,336.82449945815347,HAP1
536,cell450_HeLa_,78.57398406722655,844.7039314652588,356.32254044379124,HeLa
537,cell523_K562_,79.02826669585762,767.3135691548232,335.7767851982198,K562
538,cell273_HeLa_,92.45091116825166,812.236731179958,352.081663036087,HeLa
539,cell244_HeLa_,113.64066117163475,868.857459950407,352.0060624969412,HeLa
540,cell514_K562_,88.79622661692093,865.5666293753126,356.13429655164,K562
541,cell85_HAP1_,56.72858593962737,682.6939011904673,320.4345061498402,HAP1
542,cell367_HeLa_,89.73653038794617,858.3529921572618,348.1075550507256,HeLa
543,cell208_HeLa_,114.54717442018404,910.0876023447375,368.96892066062435,HeLa
544,cell558_K562_,85.40934366121468,854.3419848954815,360.6606568213681,K562
545,cell161_HeLa_,98.0366479969602,850.7288929620802,351.03247540259514,HeLa
546,cell390_HAP1_,81.87895146017703,867.1483971558368,355.75192771982427,HAP1
547,cell156_HeLa_,101.44703077885083,855.4267169446224,351.01638081705727,HeLa
548,cell27_HeLa_,90.40002277199268,822.530279256873,352.10328283611096,HeLa
549,cell10_HeLa_,122.28022563939284,880.9118802970497,360.0694342769597,HeLa
550,cell134_HeLa_,115.12133672276303,876.9371375601169,365.7146054578914,HeLa
551,cell349_HeLa_,107.61496505218054,858.6638521273799,347.3063232611903,HeLa
552,cell170_HAP1_,79.46444955343944,818.7720817561824,344.8158576189492,HAP1
553,cell528_GM12878_,76.77721588045526,815.36591982033,348.29914947636337,GM12878
554,cell595_GM12878_,66.89468965607185,783.5270797285725,345.86432396969116,GM12878
555,cell4_HeLa_,99.45261238029286,888.4761281537319,363.3045149444566,HeLa
556,cell590_K562_,92.42401613951392,874.3150548783315,355.57538519986747,K562
557,cell455_HeLa_,48.456040154053035,584.7165564527742,309.0579587118317,HeLa
558,cell300_HeLa_,84.68939887584581,838.4761226852614,354.7100878551609,HeLa
559,cell573_K562_,76.98495570625613,807.5363496433117,343.1526179693083,K562
560,cell502_GM12878_,111.04780063995696,862.5798099359176,352.06208857044453,GM12878
561,cell544_K562_,98.34026958026925,894.0674634151004,364.2638318480591,K562
562,cell59_HeLa_,108.25027708442148,893.4564991540265,358.3515751220195,HeLa
563,cell128_HeLa_,81.77729140302759,866.8696675890906,356.42490702463033,HeLa
564,cell193_HAP1_,46.49848445234223,590.7629165718079,301.8006838341521,HAP1
565,cell362_HeLa_,93.46248844086978,890.514911914303,362.74860007048596,HeLa
566,cell619_GM12878_,107.51720204933645,822.5528761193145,334.14651406432233,GM12878
567,cell400_HeLa_,75.94553484739838,796.5327775068686,349.4417381272375,HeLa
568,cell511_K562_,100.82206495715704,859.2133294482264,353.4386225530449,K562
569,cell241_HeLa_,97.56974258040364,845.5723393978773,349.07788741742513,HeLa
570,cell80_HAP1_,123.03246464548391,867.8741403853091,348.4505428226779,HAP1
571,cell526_K562_,85.96300158766306,830.6587555268716,347.5553751479022,K562
572,cell205_HAP1_,33.95412174212373,460.90270017171963,270.8574208002924,HAP1
573,cell48_HAP1_,90.51845196092219,880.7271873874932,358.9926561837533,HAP1
574,cell289_HeLa_,84.62709407653159,867.3940582016608,352.986841981519,HeLa
575,cell232_HAP1_,79.94322664761447,847.5272778108231,358.80314334169236,HAP1
576,cell473_HAP1_,37.549422069300746,642.9453250448144,329.6855735965897,HAP1
577,cell311_HAP1_,89.6206903274677,888.3084570905182,358.18357596549174,HAP1
578,cell326_HAP1_,50.94152123281664,633.3480455647439,308.7584571494074,HAP1
579,cell444_HAP1_,53.419792207756444,707.0491628417085,334.5796828390875,HAP1
580,cell91_HeLa_,104.23948360132397,866.3996197748822,352.6338075938397,HeLa
581,cell373_HAP1_,60.22423445860881,755.7685063392795,332.63461305609053,HAP1
582,cell182_HeLa_,122.90937112726245,878.8321127875147,363.21053604556124,HeLa
583,cell426_HAP1_,66.67682366870864,824.1751904209001,356.892238319592,HAP1
584,cell344_HAP1_,92.05000720739015,851.3664293953802,353.60505685266537,HAP1
585,cell437_HAP1_,69.90911120302093,723.2527881368202,322.33738803429503,HAP1
586,cell355_HAP1_,66.82096640603795,757.0809257851064,326.41462042885007,HAP1
587,cell9_HeLa_,84.0669317816965,831.7080394650197,353.77304661777066,HeLa
588,cell276_HAP1_,67.54372473277135,755.7173725337591,332.7544511721213,HAP1
589,cell337_HAP1_,74.36579954863265,817.2543032438858,350.3933466372282,HAP1
590,cell462_HAP1_,45.337207722604916,595.2193095753519,304.44362279909205,HAP1
591,cell223_HAP1_,90.36298658229477,869.9221637315823,359.73564567335086,HAP1
592,cell214_HAP1_,92.29972589410568,879.9546242239683,353.68723921967796,HAP1
593,cell298_HeLa_,79.6231220597724,825.6538600779236,351.82594082733704,HeLa
594,cell537_K562_,56.0726860220832,626.7904815124425,289.83715655743543,K562
595,cell267_HeLa_,95.17506778249998,846.607175249186,355.64307478079445,HeLa
596,cell250_HeLa_,90.24464514127226,884.2374292517545,364.7856217706943,HeLa
597,cell500_K562_,107.98309167087072,890.7873667526195,366.8762824742863,K562
598,cell411_HeLa_,102.10628666062004,817.7533085652034,345.3284133713522,HeLa
599,cell139_HeLa_,90.84168135718141,879.3250211236784,364.114172497477,HeLa
600,cell555_K562_,83.02796686725408,853.955869707973,352.49007602567633,K562
601,cell490_HeLa_,53.29456276755609,708.5802663102518,325.3500096957616,HeLa
602,cell103_HAP1_,55.94293422417843,714.940742837719,338.40156403201627,HAP1
603,cell45_HAP1_,94.36142510151592,885.3524601586355,348.4059320997544,HAP1
604,cell284_HeLa_,117.130237907323,907.139003320354,352.7216779883635,HeLa
605,cell72_HAP1_,94.51317746721362,886.3601714814403,360.8078067022858,HAP1
606,cell449_HAP1_,103.410112366425,885.8210297868167,356.64671580728486,HAP1
607,cell125_HeLa_,87.99231936353068,832.449492257301,344.34537566925144,HeLa
608,cell358_HeLa_,70.92853545729855,803.654320581704,345.5099961199271,HeLa
609,cell481_HAP1_,74.82898582065323,791.2146906602778,333.7270103072744,HAP1
610,cell112_HeLa_,89.22990851433984,884.8262705497483,367.2075117870812,HeLa
611,cell36_HeLa_,107.7959700680037,844.3066397891273,346.49863426723635,HeLa
612,cell147_HeLa_,96.48815599164922,862.5762505956816,357.23166251647217,HeLa
613,cell458_HeLa_,70.00670947741364,774.2827081569806,335.9373885406551,HeLa
614,cell381_HAP1_,81.91775748640967,823.4482685512368,347.1938858215548,HAP1
615,cell63_HeLa_,110.95062723861929,831.020976408545,352.52735006547994,HeLa
616,cell54_HeLa_,86.89789383998664,833.2856179911003,352.08428151429985,HeLa
617,cell549_K562_,90.95144358318959,838.461384428042,350.79760894699587,K562
618,cell219_HeLa_,97.7035348467241,869.1114723630903,362.48181091877495,HeLa
619,cell295_HAP1_,88.30036998535795,847.3441041047909,348.75697818472366,HAP1
