,cell547_K562_,cell382_HeLa_,cell577_GM12878_,cell453_HAP1_,cell475_HeLa_,cell575_K562_,cell524_GM12878_,cell611_GM12878_,cell266_HeLa_,cell553_GM12878_,cell254_HeLa_,cell566_K562_,cell23_HAP1_,cell601_GM12878_,cell522_K562_,cell151_HAP1_,cell202_HeLa_,cell552_K562_,cell565_K562_,cell213_HAP1_,cell474_HAP1_,cell508_GM12878_,cell543_K562_,cell513_K562_,cell329_HeLa_,cell603_GM12878_,cell542_GM12878_,cell402_HAP1_,cell560_K562_,cell319_HeLa_,cell581_GM12878_,cell516_GM12878_,cell200_HAP1_,cell414_HAP1_,cell161_HeLa_,cell276_HAP1_,cell537_K562_,cell284_HeLa_,cell72_HAP1_,cell219_HeLa_
cell547_K562_,0.0,2.858838074752831,4.823782766153089,3.9306968300477694,3.2670721259291096,4.129758241390861,3.128103800831798,3.937149999909173,2.692543986532276,3.329976331060206,3.3886801511980567,4.0704516133978785,4.96332694663685,3.4471803102161807,4.303093921123725,3.7104369104090047,3.217675783107695,3.9378724258630404,2.902045585741838,3.9107977241202287,4.318278092940522,3.4787791549417757,4.2875567229971745,4.315489820468207,2.9755324686659765,3.5904575963238687,4.247324684786092,3.3478172848706955,4.821570206599315,3.527542747513964,3.509693764210815,3.4885770690338394,3.38721610904357,2.782122679986575,4.548836248859877,3.0061578669213573,2.5154343325378323,4.240313685158538,3.6727107930110767,3.5521527524825327
cell382_HeLa_,2.858838074752831,0.0,4.2263224615934245,3.304427796912826,2.7072843963626156,3.494327686523661,2.6552908514420865,3.269681642283841,2.267241205195462,2.776768701607489,2.3788017209609245,3.1463466578469115,3.5701108425324666,3.1788334681144037,3.3010161582961848,3.032243917712441,2.533026858722481,3.250072449374908,2.6837788501768727,3.0937852362286167,3.9468382225929695,2.8735003498280514,3.4725483339057543,4.074785818536976,2.5567251736934913,2.923579359960004,3.956045785957091,2.750976712000748,4.325648011671927,2.427874361797845,3.0092842375667876,2.8714777910582288,2.924661540863916,2.38182039958249,3.870880459907897,2.4523176413892647,2.611295100852944,3.549515779859568,3.017125386398162,2.6342444212631184
cell577_GM12878_,4.823782766153089,4.2263224615934245,0.0,6.9871907934315285,4.463377984852143,3.6846304411031463,5.09606001645685,4.181476428197845,3.8682307080808003,5.253059417117559,4.243455802387846,3.746114431437178,3.6289298484277275,5.431237611205157,4.21663854545637,3.7514215789449303,3.9737728196255446,4.164881095189905,4.582868266427094,4.369848380607321,5.280146943556101,4.412818823074971,4.280650776471669,3.9934959148120868,4.947283337735601,4.847700359027661,4.133348629288836,4.663288628808775,4.070951049997305,3.526205624742007,3.9444290497879746,3.8209732313436784,5.53243355895504,5.100358578754603,4.72914961531823,4.92249946897147,5.3874456119145355,4.352297385368733,4.083869777865174,3.315580518660406
cell453_HAP1_,3.9306968300477694,3.304427796912826,6.9871907934315285,0.0,4.342630534821499,7.4067078215095705,3.2561243128603525,4.447163909287926,4.229048158687817,3.2723429373627004,4.391185352145737,6.6828196539363525,7.383605983623665,3.046637848340874,6.094921399814709,5.6753753359673205,4.735107649470576,6.450765006189387,3.101355407271355,6.096569190786239,5.584699547719465,4.838823512873667,7.286072343083962,8.200763341470667,3.5976438247244826,4.656734910385802,7.584374739141269,4.668428057826028,8.506079787987726,5.484344645642512,5.432221244923285,5.140656317310602,3.29483757892576,2.882916663029075,6.958777110423354,3.4579310359300903,2.6888109841314707,7.19031378814635,5.615968519794943,5.922341556540138
cell475_HeLa_,3.2670721259291096,2.7072843963626156,4.463377984852143,4.342630534821499,0.0,3.1547682233065175,3.7291828989886575,3.517807621666675,2.524126011057964,3.526900015223149,2.796343324706877,3.0704521045807427,3.4667824287595135,4.155056102110018,3.599490216684801,3.658494904799329,2.932834561108583,3.0403951282829356,3.231362920240812,2.9581215228325854,4.11885578151559,3.5206456530408623,3.129122142846347,3.785834361258641,2.882322592312595,3.5036947400017433,4.089935270798414,2.699893398100253,4.19743102038561,2.6352189986314984,3.1370950868165055,2.81040987459832,3.397387013200838,3.1731111984841904,3.9371462720194548,3.2799167469570207,2.986318855617365,3.316356713657771,2.97681531902244,2.7018656633264877
cell575_K562_,4.129758241390861,3.494327686523661,3.6846304411031463,7.4067078215095705,3.1547682233065175,0.0,5.223992645048768,4.207772014617689,2.712082078244862,4.910905148719968,3.3910507411475965,1.5604468066279205,2.0438465326104716,6.525196314491911,2.4526495001914617,3.294964762723735,2.8034401245452205,2.208492003420983,4.504408488433167,1.5862043500645209,5.172832032967657,3.4448801591301867,1.3248031581494308,1.1878790897818097,4.546109507437945,4.4251061492564405,2.5193579653935867,3.2887623843194107,1.6939523486877857,2.070645788848471,2.9976554083406244,2.9791421423860616,5.373319803454994,4.6429492731086075,3.7043733257426874,4.531899835117666,4.8458711102675895,1.3325013804404384,2.675390391926486,1.8343075155351611
cell524_GM12878_,3.128103800831798,2.6552908514420865,5.09606001645685,3.2561243128603525,3.7291828989886575,5.223992645048768,0.0,3.3583465632514304,3.3367040432593784,3.3111393898501644,3.457292201925456,5.106577994752103,5.3522139623800085,2.9386134822135763,4.576647741416134,3.633470167891714,3.701741814093137,4.830805060405494,2.7310549001525115,4.531086750463713,4.239033163516521,3.8287446089535493,5.393726311746137,5.783189639080117,3.1135523071693196,3.615939211596691,5.4217899085076695,3.9196012911112463,6.2604930004313015,3.920240492274098,4.21038012611309,4.039980765581025,3.1288210557355605,2.897064985396389,4.948301309123286,3.1934404599889867,2.692577114149512,5.235927605968061,3.9148842222474585,4.287933584285835
cell611_GM12878_,3.937149999909173,3.269681642283841,4.181476428197845,4.447163909287926,3.517807621666675,4.207772014617689,3.3583465632514304,0.0,3.152224686867684,3.631031492397257,3.21656451274195,3.964321238956931,4.048324760092211,3.8206581763071124,3.8094217716574708,3.0881479820156423,3.2799579453256973,3.998192257641546,3.0788365279833183,3.9268726384705905,4.720441888967958,3.7795554564353817,4.227738197110142,4.57054930791168,3.4008764281782913,3.931190570198935,4.204970328605313,3.9407110242602648,4.806381820151357,3.4873071595785463,3.605850469757843,3.5690558492868627,3.888463972925047,3.5331580602679815,4.250877494418164,3.5589294429861287,3.357171228774895,4.291135013621275,3.660923279900104,3.528005382013082
cell266_HeLa_,2.692543986532276,2.267241205195462,3.8682307080808003,4.229048158687817,2.524126011057964,2.712082078244862,3.3367040432593784,3.152224686867684,0.0,3.1424745179490863,2.335357840462125,2.7500359256152236,3.0142198787812244,3.9090114962761704,3.2896787966194667,3.0746000786416623,2.4863510631103205,2.8163553786620437,3.0088546484235774,2.5832617583515223,3.625615780790418,2.8016919002347613,2.9798722176193007,3.0506883263080065,2.6685672800812865,3.37735152053614,3.473212722754167,2.5702491249593837,3.588338185055153,2.1065766287907595,2.7360499887045826,2.853911980375446,3.2714751527856065,3.1385303860673335,3.526668221528115,2.7096538945390343,3.1168744811168567,2.955722845283956,2.8071493568380887,2.23271807913114
cell553_GM12878_,3.329976331060206,2.776768701607489,5.253059417117559,3.2723429373627004,3.526900015223149,4.910905148719968,3.3111393898501644,3.631031492397257,3.1424745179490863,0.0,3.3778916469773566,4.86665288290375,5.262450029571844,3.2654803210306245,4.378066469009937,3.964524059472886,3.4270773118737425,4.452873824443987,2.5711200806338828,4.377105403073969,4.629992728161816,3.988976360402867,4.839513221334982,5.316596556080885,3.096514413512252,3.6973025412144613,5.34824719017397,3.8230579167061185,5.4030261508909465,3.900356271396441,4.005138798286188,3.5881067749340474,3.273483428163017,3.212967234281267,5.2500516889046125,2.9155971229811044,3.0449962193643074,4.7768233996099525,3.8356838503954145,4.042996888909955
cell254_HeLa_,3.3886801511980567,2.3788017209609245,4.243455802387846,4.391185352145737,2.796343324706877,3.3910507411475965,3.457292201925456,3.21656451274195,2.335357840462125,3.3778916469773566,0.0,3.2411109008815773,3.5397254782960945,4.043453142963866,3.5376561250155927,3.367214534241946,2.7055625092492774,2.92829625591762,3.206923318526151,2.9024760163071224,4.119656490290401,3.3058503920277054,3.47638960070819,3.7833290744636976,3.342296377436134,3.399802986047643,3.9285246681608337,3.3408535826016212,4.2738092555034655,2.414538925200985,2.9655778702602076,3.352119150813365,3.580577729900921,3.298935125564016,3.8719479417031755,3.168757319080535,3.440541609978507,3.4457751098305254,3.114964661097307,2.5879649758038035
cell566_K562_,4.0704516133978785,3.1463466578469115,3.746114431437178,6.6828196539363525,3.0704521045807427,1.5604468066279205,5.106577994752103,3.964321238956931,2.7500359256152236,4.86665288290375,3.2411109008815773,0.0,2.133591972760653,6.150256828604064,2.322710868269091,2.866775826012499,2.7662167030164375,1.9490298628312477,4.323676766988404,2.1593394809592388,4.876846865655964,3.423864130956015,1.8526850720660488,1.6747851945001033,4.06810830139964,3.9172376319574003,2.9028343880669665,3.3434216047700396,2.124279605663977,2.150058541743521,2.9067021073748402,3.050809113832637,5.093781789794791,4.54976753979548,3.461758432544115,4.349685134079927,4.472690068171902,2.0346571441786274,2.753871454961703,2.246016943419488
cell23_HAP1_,4.96332694663685,3.5701108425324666,3.6289298484277275,7.383605983623665,3.4667824287595135,2.0438465326104716,5.3522139623800085,4.048324760092211,3.0142198787812244,5.262450029571844,3.5397254782960945,2.133591972760653,0.0,6.6121787200233335,3.007069614838564,3.0550360309680418,2.8438805679083172,2.609408031967555,5.025395315840305,2.5544274645274574,4.780981444262786,3.6167597537731195,2.4214751836642714,2.3287992487412605,4.814503759774803,4.340620004620568,3.312750026361474,3.3499377423468095,2.480041281807325,2.439479926069248,2.8215058915338442,3.107082045004982,5.504354857045874,4.801988490850025,3.5620294078561128,4.700646369789917,5.415514468326371,2.368985913241176,3.0838361869448,2.030729276427996
cell601_GM12878_,3.4471803102161807,3.1788334681144037,5.431237611205157,3.046637848340874,4.155056102110018,6.525196314491911,2.9386134822135763,3.8206581763071124,3.9090114962761704,3.2654803210306245,4.043453142963866,6.150256828604064,6.6121787200233335,0.0,5.583930336845927,4.5307425879934415,4.385560384168954,5.834953272666906,2.998789018452153,5.7167823928852295,4.607646870291797,4.380742828694207,6.645886945607355,7.172113271487621,3.1747581995067455,4.217850069096353,6.301160734954925,4.864317765621056,7.421388161407503,4.691020186863611,4.692879363647822,4.284907673977586,3.147532864764701,3.0273694378992184,6.141036300498163,3.334777724436664,2.492196193522485,6.530959973488562,4.986029078284448,5.353467700924083
cell522_K562_,4.303093921123725,3.3010161582961848,4.21663854545637,6.094921399814709,3.599490216684801,2.4526495001914617,4.576647741416134,3.8094217716574708,3.2896787966194667,4.378066469009937,3.5376561250155927,2.322710868269091,3.007069614838564,5.583930336845927,0.0,3.4461210902239556,3.2870720938385927,2.8212347100151662,3.648662500905021,2.974063565907325,5.34910790492499,3.9038958079871797,2.3999988510033665,2.5094186294541214,3.8070154591966725,4.321042950131712,3.295114722375063,3.781783225341535,2.8928696942291316,2.6732599831847565,3.5422873032283126,3.6281038528832377,5.040638926563755,4.451670136121024,4.040302935161153,4.556508858435153,4.197569645276353,2.904242473608274,3.1057596331223474,2.8610843455900246
cell151_HAP1_,3.7104369104090047,3.032243917712441,3.7514215789449303,5.6753753359673205,3.658494904799329,3.294964762723735,3.633470167891714,3.0881479820156423,3.0746000786416623,3.964524059472886,3.367214534241946,2.866775826012499,3.0550360309680418,4.5307425879934415,3.4461210902239556,0.0,3.1786874730994645,3.2299045470699403,3.6252016643286784,3.2342180485208476,4.540068189720422,3.4471077291299723,3.5771299517802158,3.4233161325358124,3.6840963119461634,3.7210273992224248,3.412935931753083,3.6681593655566695,3.6624204389069748,2.8678713246170995,2.8845813500459827,3.089901042220758,4.479009763921025,3.703102595688328,3.733821793551333,3.862371556762435,3.939811354306532,3.5099636174365845,3.2553342768527154,2.8447257048978787
cell202_HeLa_,3.217675783107695,2.533026858722481,3.9737728196255446,4.735107649470576,2.932834561108583,2.8034401245452205,3.701741814093137,3.2799579453256973,2.4863510631103205,3.4270773118737425,2.7055625092492774,2.7662167030164375,2.8438805679083172,4.385560384168954,3.2870720938385927,3.1786874730994645,0.0,2.768029602064887,3.4435992622826754,2.6506255828537366,4.2346765786575835,3.0659133097464117,3.0351401699218927,3.088579123108881,3.2631334305664508,3.5931549480338996,3.5769253151718443,2.770352130773352,3.3545949548673475,2.475481251907129,2.8456216629744624,2.8205929998707813,3.90856882022536,3.0512406764953655,3.9513096778102126,3.2953800169664778,3.3710927115641107,2.7706292301018953,2.739056892580156,2.1234233204888207
cell552_K562_,3.9378724258630404,3.250072449374908,4.164881095189905,6.450765006189387,3.0403951282829356,2.208492003420983,4.830805060405494,3.998192257641546,2.8163553786620437,4.452873824443987,2.92829625591762,1.9490298628312477,2.609408031967555,5.834953272666906,2.8212347100151662,3.2299045470699403,2.768029602064887,0.0,4.072304268965689,2.741111431943544,4.527258117229463,3.5467994205458737,2.227316066632107,1.9216781376506709,3.9749476132220622,4.311495638428265,2.9719142152920677,3.1344784222911044,2.41226768634504,2.3259094347633194,2.9951385912307256,3.026913053261694,4.700991924448076,4.587160890389943,3.576979348847231,4.036998171690103,4.407620828846662,2.4118049390759473,3.0458765884716668,2.211436874743187
cell565_K562_,2.902045585741838,2.6837788501768727,4.582868266427094,3.101355407271355,3.231362920240812,4.504408488433167,2.7310549001525115,3.0788365279833183,3.0088546484235774,2.5711200806338828,3.206923318526151,4.323676766988404,5.025395315840305,2.998789018452153,3.648662500905021,3.6252016643286784,3.4435992622826754,4.072304268965689,0.0,3.8910226150082057,4.461047019358098,3.7397304156161537,4.464855539240354,4.89537600424407,2.5607609501985253,3.3544535466616274,4.751905832890765,3.5992328724713945,5.214146796468697,3.4364105297117593,3.765166692259646,3.5861705176618743,2.845934567294453,2.7196570195330123,4.548631673822913,3.0081794303398115,2.5088491887965656,4.472925738494705,3.6942333347898835,4.006016732513267
cell213_HAP1_,3.9107977241202287,3.0937852362286167,4.369848380607321,6.096569190786239,2.9581215228325854,1.5862043500645209,4.531086750463713,3.9268726384705905,2.5832617583515223,4.377105403073969,2.9024760163071224,2.1593394809592388,2.5544274645274574,5.7167823928852295,2.974063565907325,3.2342180485208476,2.6506255828537366,2.741111431943544,3.8910226150082057,0.0,4.940569434529058,3.6241186089178754,1.6218072873640392,2.2260711861881433,4.0145313760974854,3.658169745605135,3.1031722275573452,3.100537269702591,3.1215476089326475,2.122918522385353,2.8890777981497537,3.215958456880333,4.405670819495743,3.823455198556948,3.7635269427000764,3.8762579673275583,4.157260731900648,1.3963134980972882,2.372532724886721,2.124419885972797
cell474_HAP1_,4.318278092940522,3.9468382225929695,5.280146943556101,5.584699547719465,4.11885578151559,5.172832032967657,4.239033163516521,4.720441888967958,3.625615780790418,4.629992728161816,4.119656490290401,4.876846865655964,4.780981444262786,4.607646870291797,5.34910790492499,4.540068189720422,4.2346765786575835,4.527258117229463,4.461047019358098,4.940569434529058,0.0,4.10844426473685,5.059332717040302,5.149954705972386,3.971396167821539,4.714705011508041,5.0935811079489515,4.579091169564576,5.690687665487262,4.285149100547484,4.5000748293803445,4.054273072199589,4.321889498756304,4.50901407352057,5.215833401089036,4.144202927793565,4.451321335646858,4.980573641194283,4.73248126042237,4.204354022149914
cell508_GM12878_,3.4787791549417757,2.8735003498280514,4.412818823074971,4.838823512873667,3.5206456530408623,3.4448801591301867,3.8287446089535493,3.7795554564353817,2.8016919002347613,3.988976360402867,3.3058503920277054,3.423864130956015,3.6167597537731195,4.380742828694207,3.9038958079871797,3.4471077291299723,3.0659133097464117,3.5467994205458737,3.7397304156161537,3.6241186089178754,4.10844426473685,0.0,3.800881296828196,3.8451214872050734,3.6777439409197252,3.7063024857829605,3.985825846866571,3.3390996019828396,4.080208736726156,3.0434790722582514,3.4048674988704475,3.367590812201253,3.657735438937042,3.509395816084324,4.496470774421161,3.6630856240094345,3.47066127780196,3.6875783131359365,3.4877453646465373,3.00041265957083
cell543_K562_,4.2875567229971745,3.4725483339057543,4.280650776471669,7.286072343083962,3.129122142846347,1.3248031581494308,5.393726311746137,4.227738197110142,2.9798722176193007,4.839513221334982,3.47638960070819,1.8526850720660488,2.4214751836642714,6.645886945607355,2.3999988510033665,3.5771299517802158,3.0351401699218927,2.227316066632107,4.464855539240354,1.6218072873640392,5.059332717040302,3.800881296828196,0.0,1.6944196889838845,4.415093091589046,4.457919051333735,2.438582794336761,3.4435893960986017,2.1890032967698927,2.4191749435311207,2.935394717627891,3.314110351317646,5.243670569689286,4.5597348936006785,3.6772780207052698,4.5600544305450335,4.844368921617797,1.4597852495459525,2.7103882657583824,2.3234974447229946
cell513_K562_,4.315489820468207,4.074785818536976,3.9934959148120868,8.200763341470667,3.785834361258641,1.1878790897818097,5.783189639080117,4.57054930791168,3.0506883263080065,5.316596556080885,3.7833290744636976,1.6747851945001033,2.3287992487412605,7.172113271487621,2.5094186294541214,3.4233161325358124,3.088579123108881,1.9216781376506709,4.89537600424407,2.2260711861881433,5.149954705972386,3.8451214872050734,1.6944196889838845,0.0,4.808868041918905,4.740702512277495,2.6602347207225505,3.6435283977562842,1.7391866030518348,2.398861353573425,3.200057677798667,3.176336698836078,5.634434101503015,5.204829759043733,3.6469651635792624,4.894285437295352,5.391901938080512,1.8218839129317934,2.981518585042287,2.1496746859789404
cell329_HeLa_,2.9755324686659765,2.5567251736934913,4.947283337735601,3.5976438247244826,2.882322592312595,4.546109507437945,3.1135523071693196,3.4008764281782913,2.6685672800812865,3.096514413512252,3.342296377436134,4.06810830139964,4.814503759774803,3.1747581995067455,3.8070154591966725,3.6840963119461634,3.2631334305664508,3.9749476132220622,2.5607609501985253,4.0145313760974854,3.971396167821539,3.6777439409197252,4.415093091589046,4.808868041918905,0.0,3.675806303866196,4.729169907576008,3.545884041147997,5.517439318846391,3.299394808188647,3.5858203648286837,3.443099989525618,3.0543757623376697,2.893363713574037,4.223250535505326,3.0028780972905116,2.439565266645875,4.263152652408197,3.5996055892675947,3.793080466169717
cell603_GM12878_,3.5904575963238687,2.923579359960004,4.847700359027661,4.656734910385802,3.5036947400017433,4.4251061492564405,3.615939211596691,3.931190570198935,3.37735152053614,3.6973025412144613,3.399802986047643,3.9172376319574003,4.340620004620568,4.217850069096353,4.321042950131712,3.7210273992224248,3.5931549480338996,4.311495638428265,3.3544535466616274,3.658169745605135,4.714705011508041,3.7063024857829605,4.457919051333735,4.740702512277495,3.675806303866196,0.0,4.379292513364839,3.8091184821760624,5.182081375149576,3.3818846284087734,3.6674644905054334,3.36119308250156,3.7139006431656547,3.7665072864632347,4.747365352488227,3.4570808553788432,3.486648558129055,4.1454300564697615,3.329291145719437,3.799635498624129
cell542_GM12878_,4.247324684786092,3.956045785957091,4.133348629288836,7.584374739141269,4.089935270798414,2.5193579653935867,5.4217899085076695,4.204970328605313,3.473212722754167,5.34824719017397,3.9285246681608337,2.9028343880669665,3.312750026361474,6.301160734954925,3.295114722375063,3.412935931753083,3.5769253151718443,2.9719142152920677,4.751905832890765,3.1031722275573452,5.0935811079489515,3.985825846866571,2.438582794336761,2.6602347207225505,4.729169907576008,4.379292513364839,0.0,4.548432060261494,2.998715198811488,3.300000798578084,3.362320900014473,3.516458699532812,5.514751351919253,5.238742595498137,3.9255378337571845,5.051643600399068,5.360978660805867,2.6102642275145547,3.5885966367989277,2.7291708542723234
cell402_HAP1_,3.3478172848706955,2.750976712000748,4.663288628808775,4.668428057826028,2.699893398100253,3.2887623843194107,3.9196012911112463,3.9407110242602648,2.5702491249593837,3.8230579167061185,3.3408535826016212,3.3434216047700396,3.3499377423468095,4.864317765621056,3.781783225341535,3.6681593655566695,2.770352130773352,3.1344784222911044,3.5992328724713945,3.100537269702591,4.579091169564576,3.3390996019828396,3.4435893960986017,3.6435283977562842,3.545884041147997,3.8091184821760624,4.548432060261494,0.0,4.144264704242628,2.7808966007297546,3.395399223945634,3.2513524486265784,3.792741310569622,3.077076079126916,4.224945751196948,3.043213520233163,3.54228686573252,3.3381135013253314,3.14871797925219,2.66501580264653
cell560_K562_,4.821570206599315,4.325648011671927,4.070951049997305,8.506079787987726,4.19743102038561,1.6939523486877857,6.2604930004313015,4.806381820151357,3.588338185055153,5.4030261508909465,4.2738092555034655,2.124279605663977,2.480041281807325,7.421388161407503,2.8928696942291316,3.6624204389069748,3.3545949548673475,2.41226768634504,5.214146796468697,3.1215476089326475,5.690687665487262,4.080208736726156,2.1890032967698927,1.7391866030518348,5.517439318846391,5.182081375149576,2.998715198811488,4.144264704242628,0.0,2.95936146333064,3.461735423533301,3.6043067955908885,6.135120628970087,5.745113603895157,4.133706695792121,5.219898463455359,5.8790027004595,2.680454985296809,3.4660882879361683,2.438671817553007
cell319_HeLa_,3.527542747513964,2.427874361797845,3.526205624742007,5.484344645642512,2.6352189986314984,2.070645788848471,3.920240492274098,3.4873071595785463,2.1065766287907595,3.900356271396441,2.414538925200985,2.150058541743521,2.439479926069248,4.691020186863611,2.6732599831847565,2.8678713246170995,2.475481251907129,2.3259094347633194,3.4364105297117593,2.122918522385353,4.285149100547484,3.0434790722582514,2.4191749435311207,2.398861353573425,3.299394808188647,3.3818846284087734,3.300000798578084,2.7808966007297546,2.95936146333064,0.0,2.8289586102232693,2.624113131538123,4.104862783783291,3.662769236554066,3.4819107984695057,3.465483312802862,3.5053021692261197,2.414438336820546,2.781098803534637,2.1227555554128497
cell581_GM12878_,3.509693764210815,3.0092842375667876,3.9444290497879746,5.432221244923285,3.1370950868165055,2.9976554083406244,4.21038012611309,3.605850469757843,2.7360499887045826,4.005138798286188,2.9655778702602076,2.9067021073748402,2.8215058915338442,4.692879363647822,3.5422873032283126,2.8845813500459827,2.8456216629744624,2.9951385912307256,3.765166692259646,2.8890777981497537,4.5000748293803445,3.4048674988704475,2.935394717627891,3.200057677798667,3.5858203648286837,3.6674644905054334,3.362320900014473,3.395399223945634,3.461735423533301,2.8289586102232693,0.0,2.834183235587178,4.264845843642549,3.599013553258671,3.557206832939034,3.4912973337300697,4.157156071378225,3.074172734350929,2.860226638496747,2.5329037315430787
cell516_GM12878_,3.4885770690338394,2.8714777910582288,3.8209732313436784,5.140656317310602,2.81040987459832,2.9791421423860616,4.039980765581025,3.5690558492868627,2.853911980375446,3.5881067749340474,3.352119150813365,3.050809113832637,3.107082045004982,4.284907673977586,3.6281038528832377,3.089901042220758,2.8205929998707813,3.026913053261694,3.5861705176618743,3.215958456880333,4.054273072199589,3.367590812201253,3.314110351317646,3.176336698836078,3.443099989525618,3.36119308250156,3.516458699532812,3.2513524486265784,3.6043067955908885,2.624113131538123,2.834183235587178,0.0,4.062446187110583,3.6408165750589068,3.918521927579036,3.6724836822118987,3.8594119801161426,3.14098442214015,3.1005819524979445,2.5683225971114663
cell200_HAP1_,3.38721610904357,2.924661540863916,5.53243355895504,3.29483757892576,3.397387013200838,5.373319803454994,3.1288210557355605,3.888463972925047,3.2714751527856065,3.273483428163017,3.580577729900921,5.093781789794791,5.504354857045874,3.147532864764701,5.040638926563755,4.479009763921025,3.90856882022536,4.700991924448076,2.845934567294453,4.405670819495743,4.321889498756304,3.657735438937042,5.243670569689286,5.634434101503015,3.0543757623376697,3.7139006431656547,5.514751351919253,3.792741310569622,6.135120628970087,4.104862783783291,4.264845843642549,4.062446187110583,0.0,2.8494275323367777,5.482233737836729,2.8855795348625106,2.82849677477613,5.100185984993419,3.99842886330868,4.3588513423538915
cell414_HAP1_,2.782122679986575,2.38182039958249,5.100358578754603,2.882916663029075,3.1731111984841904,4.6429492731086075,2.897064985396389,3.5331580602679815,3.1385303860673335,3.212967234281267,3.298935125564016,4.54976753979548,4.801988490850025,3.0273694378992184,4.451670136121024,3.703102595688328,3.0512406764953655,4.587160890389943,2.7196570195330123,3.823455198556948,4.50901407352057,3.509395816084324,4.5597348936006785,5.204829759043733,2.893363713574037,3.7665072864632347,5.238742595498137,3.077076079126916,5.745113603895157,3.662769236554066,3.599013553258671,3.6408165750589068,2.8494275323367777,0.0,4.970910525068467,2.7280236647336906,2.3852306373812864,4.500199627998333,3.5517975460241322,3.8944804716366157
cell161_HeLa_,4.548836248859877,3.870880459907897,4.72914961531823,6.958777110423354,3.9371462720194548,3.7043733257426874,4.948301309123286,4.250877494418164,3.526668221528115,5.2500516889046125,3.8719479417031755,3.461758432544115,3.5620294078561128,6.141036300498163,4.040302935161153,3.733821793551333,3.9513096778102126,3.576979348847231,4.548631673822913,3.7635269427000764,5.215833401089036,4.496470774421161,3.6772780207052698,3.6469651635792624,4.223250535505326,4.747365352488227,3.9255378337571845,4.224945751196948,4.133706695792121,3.4819107984695057,3.557206832939034,3.918521927579036,5.482233737836729,4.970910525068467,0.0,4.474885207122636,5.018939807946334,3.6133094548594924,3.58529917523056,3.2215020312071316
cell276_HAP1_,3.0061578669213573,2.4523176413892647,4.92249946897147,3.4579310359300903,3.2799167469570207,4.531899835117666,3.1934404599889867,3.5589294429861287,2.7096538945390343,2.9155971229811044,3.168757319080535,4.349685134079927,4.700646369789917,3.334777724436664,4.556508858435153,3.862371556762435,3.2953800169664778,4.036998171690103,3.0081794303398115,3.8762579673275583,4.144202927793565,3.6630856240094345,4.5600544305450335,4.894285437295352,3.0028780972905116,3.4570808553788432,5.051643600399068,3.043213520233163,5.219898463455359,3.465483312802862,3.4912973337300697,3.6724836822118987,2.8855795348625106,2.7280236647336906,4.474885207122636,0.0,2.7937616159653285,4.548664302756169,3.6048159813464276,3.4983388659861796
cell537_K562_,2.5154343325378323,2.611295100852944,5.3874456119145355,2.6888109841314707,2.986318855617365,4.8458711102675895,2.692577114149512,3.357171228774895,3.1168744811168567,3.0449962193643074,3.440541609978507,4.472690068171902,5.415514468326371,2.492196193522485,4.197569645276353,3.939811354306532,3.3710927115641107,4.407620828846662,2.5088491887965656,4.157260731900648,4.451321335646858,3.47066127780196,4.844368921617797,5.391901938080512,2.439565266645875,3.486648558129055,5.360978660805867,3.54228686573252,5.8790027004595,3.5053021692261197,4.157156071378225,3.8594119801161426,2.82849677477613,2.3852306373812864,5.018939807946334,2.7937616159653285,0.0,4.851308646357529,3.7802219704398534,4.2058577539559225
cell284_HeLa_,4.240313685158538,3.549515779859568,4.352297385368733,7.19031378814635,3.316356713657771,1.3325013804404384,5.235927605968061,4.291135013621275,2.955722845283956,4.7768233996099525,3.4457751098305254,2.0346571441786274,2.368985913241176,6.530959973488562,2.904242473608274,3.5099636174365845,2.7706292301018953,2.4118049390759473,4.472925738494705,1.3963134980972882,4.980573641194283,3.6875783131359365,1.4597852495459525,1.8218839129317934,4.263152652408197,4.1454300564697615,2.6102642275145547,3.3381135013253314,2.680454985296809,2.414438336820546,3.074172734350929,3.14098442214015,5.100185984993419,4.500199627998333,3.6133094548594924,4.548664302756169,4.851308646357529,0.0,2.487461398050713,2.373355395331256
cell72_HAP1_,3.6727107930110767,3.017125386398162,4.083869777865174,5.615968519794943,2.97681531902244,2.675390391926486,3.9148842222474585,3.660923279900104,2.8071493568380887,3.8356838503954145,3.114964661097307,2.753871454961703,3.0838361869448,4.986029078284448,3.1057596331223474,3.2553342768527154,2.739056892580156,3.0458765884716668,3.6942333347898835,2.372532724886721,4.73248126042237,3.4877453646465373,2.7103882657583824,2.981518585042287,3.5996055892675947,3.329291145719437,3.5885966367989277,3.14871797925219,3.4660882879361683,2.781098803534637,2.860226638496747,3.1005819524979445,3.99842886330868,3.5517975460241322,3.58529917523056,3.6048159813464276,3.7802219704398534,2.487461398050713,0.0,2.534692226353809
cell219_HeLa_,3.5521527524825327,2.6342444212631184,3.315580518660406,5.922341556540138,2.7018656633264877,1.8343075155351611,4.287933584285835,3.528005382013082,2.23271807913114,4.042996888909955,2.5879649758038035,2.246016943419488,2.030729276427996,5.353467700924083,2.8610843455900246,2.8447257048978787,2.1234233204888207,2.211436874743187,4.006016732513267,2.124419885972797,4.204354022149914,3.00041265957083,2.3234974447229946,2.1496746859789404,3.793080466169717,3.799635498624129,2.7291708542723234,2.66501580264653,2.438671817553007,2.1227555554128497,2.5329037315430787,2.5683225971114663,4.3588513423538915,3.8944804716366157,3.2215020312071316,3.4983388659861796,4.2058577539559225,2.373355395331256,2.534692226353809,0.0
